"id","type","text"
"731","MORNING_IAM","I am Divine"
"732","MORNING_IAM","I am a Divinely inspired"
"733","MORNING_IAM","I am the divine being in this skin"
"734","MORNING_IAM","I am happy and excited that everything is always working out for me"
"735","MORNING_IAM","I am loved"
"736","MORNING_IAM","I am loving the life I am living"
"737","MORNING_IAM","I am living the life I am loving"
"738","MORNING_IAM","I am blessed"
"739","MORNING_IAM","I am joy"
"740","MORNING_IAM","I am listened to"
"741","MORNING_IAM","I am heard"
"742","MORNING_IAM","I am visible"
"743","MORNING_IAM","I am seen"
"744","MORNING_IAM","I am fun and a joyful being"
"745","MORNING_IAM","I am the loved child of a generous universe"
"746","MORNING_IAM","I am a blessing to others"
"747","MORNING_IAM","I am prosperous"
"748","MORNING_IAM","I am the best version of me that has everything I want"
"749","MORNING_IAM","I am whole, healed, abundantly prospered and stable"
"750","MORNING_IAM","I am wealthy now"
"751","MORNING_IAM","I am bursting with ancestral wisdom"
"752","MORNING_IAM","I am an open and friendly person"
"753","MORNING_IAM","I am compassion"
"754","MORNING_IAM","I am open and receptive to all my Divine Good"
"755","MORNING_IAM","I am peace"
"756","MORNING_IAM","I am happy"
"757","MORNING_IAM","I am confident"
"758","MORNING_IAM","I am generous"
"759","MORNING_IAM","I am an ecstatic bundle of divine genetic material"
"760","MORNING_IAM","I am a burst of sunshine in the lives of others"
"761","MORNING_IAM","I am a good parent"
"762","MORNING_IAM","I am a good friend"
"763","MORNING_IAM","I am a good neighbor"
"764","MORNING_IAM","I am the embodiment of the good shepherd"
"765","MORNING_IAM","I am a positive contribution to the well-being of this planet"
"766","MORNING_IAM","I am a positive contribution to the well-being of my family"
"767","MORNING_IAM","I am a positive contribution to the well-being of my community"
"768","MORNING_IAM","I am an abundant being"
"769","MORNING_IAM","I am beautiful"
"770","MORNING_IAM","I am warm and friendly"
"771","MORNING_IAM","I am playful"
"772","MORNING_IAM","I am creative"
"773","MORNING_IAM","I am artistic"
"774","MORNING_IAM","I am thoughtful"
"775","MORNING_IAM","I am caring"
"776","MORNING_IAM","I am kind"
"777","MORNING_IAM","I am that I am"
"778","MORNING_IAM","I am humble"
"779","MORNING_IAM","I am at home in quiet spaces"
"780","MORNING_IAM","I am a joyful noise"
"781","MORNING_IAM","I am well fed"
"782","MORNING_IAM","I am clothed in the richness of Divine Substance"
"783","MORNING_IAM","I am well cared for"
"784","MORNING_IAM","I am safe"
"785","MORNING_IAM","I am protected"
"786","MORNING_IAM","I am the child of a generous creator"
"787","MORNING_IAM","I am the change I have been waiting for"
"788","MORNING_IAM","I am the love I have been looking for"
"789","MORNING_IAM","I am an affirmation of life"
"790","MORNING_IAM","I am powerful"
"791","MORNING_IAM","I am the word in perfect form"
"792","MORNING_IAM","I am that I am and that I am is amazing"
"793","MORNING_IAM","I am always in a fun-loving frame of mind"
"794","MORNING_IAM","I am in love with You and the world"
"795","MORNING_IAM","I am trustworthy"
"796","MORNING_IAM","I am always on time"
"797","MORNING_IAM","I am always in the right place at the right time"
"798","MORNING_IAM","I am always where I am supposed to be"
"799","MORNING_IAM","I am creatively carefree and love all that unfolds from this state of being"
"800","MORNING_IAM","I am safely held in this wonderful home"
"801","MORNING_IAM","I am at home in this wonderful neighborhood"
"802","MORNING_IAM","I am loving"
"803","MORNING_IAM","I am blessing others every day in every way by what I do and what I say"
"804","MORNING_IAM","I am always saying yes to my good"
"805","MORNING_IAM","I am a force for good"
"806","MORNING_IAM","I am full of energy"
"807","MORNING_IAM","I am getting better and better every day in every way"
"808","MORNING_IAM","I am in love with the air that I breathe"
"809","MORNING_IAM","I am in love with the good food I eat"
"810","MORNING_IAM","I am in love with the water I drink"
"811","MORNING_IAM","I am calm"
"812","MORNING_IAM","I am mindful"
"813","MORNING_IAM","I am a perfect fit"
"814","MORNING_IAM","I am a money magnet"
"815","MORNING_IAM","I am a love magnet"
"816","MORNING_IAM","I am a joy magnet"
"817","MORNING_IAM","I am a peace magnet"
"818","MORNING_IAM","I am a sacred space"
"819","MORNING_IAM","I am an experience of peace"
"820","MORNING_IAM","I am an experience of joy"
"821","MORNING_IAM","I am an experience of love"
"822","MORNING_IAM","I am in love with intimacy"
"823","MORNING_IAM","I am basking in the luxurious life of the divine"
"824","MORNING_IAM","I am a channel of the Divine"
"825","MORNING_IAM","I am funny"
"826","MORNING_IAM","I am lighthearted"
"827","MORNING_IAM","I am always meeting great and wonderful people"
"828","MORNING_IAM","I am always seeing the good in others"
"829","MORNING_IAM","I am able to let go of what no longer serves me with love and respect"
"830","MORNING_IAM","I am free"
"831","MORNING_IAM","I am now financially free"
"832","MORNING_IAM","I am now emotionally free"
"833","MORNING_IAM","I am music to someone’s ears"
"834","MORNING_IAM","I am always sharing with joy and gratitude"
"835","MORNING_IAM","I am lucky"
"836","MORNING_IAM","I am winning all the time"
"837","MORNING_IAM","I am a healer"
"838","MORNING_IAM","I am a manifester"
"839","MORNING_IAM","I am aware of the power of good that flows through me"
"840","MORNING_IAM","I am aware of the power of good that flows through others"
"841","MORNING_IAM","I am aware of the Divine all around me"
"842","MORNING_IAM","I am always getting enough sleep"
"843","MORNING_IAM","I am well rested"
"844","MORNING_IAM","I am whole"
"845","MORNING_IAM","I am complete"
"846","MORNING_IAM","I am one with everything and everyone"
"847","MORNING_IAM","I am good at setting boundaries when I need them"
"848","MORNING_IAM","I am always having good positive experiences"
"849","MORNING_IAM","I am positive"
"850","MORNING_IAM","I am choosing to be happy"
"851","MORNING_IAM","I am choosing to be wealthy"
"852","MORNING_IAM","I am choosing to be right here right now"
"853","MORNING_IAM","I am intentionally embracing my space in the here and the now"
"854","MORNING_IAM","I am free of the past"
"855","MORNING_IAM","I am planting seeds of wealth now"
"856","MORNING_IAM","I am planting seeds of joy now"
"857","MORNING_IAM","I am planting seeds of prosperity now"
"858","MORNING_IAM","I am a Divine seed"
"859","MORNING_IAM","I am comfortable in the lap of luxury"
"860","MORNING_IAM","I am a Divine receptacle"
"861","MORNING_IAM","I am honest"
"862","MORNING_IAM","I am worthy"
"863","MORNING_IAM","I am deserving of all the good the universe has for me"
"864","MORNING_IAM","I am a star"
"865","MORNING_IAM","I am merciful"
"866","MORNING_IAM","I am beneficent"
"867","MORNING_IAM","I am on an amazing journey"
"868","MORNING_IAM","I am growing spiritually every day in every way"
"869","MORNING_IAM","I am a calm and gentle spirit"
"870","MORNING_IAM","I am a good and worthy choice"
"871","MORNING_IAM","I am in love with my quiet time"
"872","MORNING_IAM","I am in love with the time I spend with friends and family"
"873","MORNING_IAM","I am in love with diversity"
"874","MORNING_IAM","I am a diverse spiritual being"
"875","MORNING_IAM","I am enough"
"876","MORNING_IAM","I am more than enough"
"877","MORNING_IAM","I am the cup that runneth over"
"878","MORNING_IAM","I am in love with money and all good and fun things I can do with it"
"879","MORNING_IAM","I am in love with the world"
"880","MORNING_IAM","I am justice"
"881","MORNING_IAM","I am truth"
"882","MORNING_IAM","I am the hero of my story"
"883","MORNING_IAM","I am the consciousness of my life"
"884","MORNING_IAM","I am the center of my world"
"885","MORNING_IAM","I am the center of the universe"
"886","MORNING_IAM","I am made of the substance of the stars"
"887","MORNING_IAM","I am in love with change and welcome it with joy"
"888","MORNING_IAM","I am in love with plants and flowers and grass and summer breezes"
"889","MORNING_IAM","I am in love with snow and cold crisp winter air"
"890","MORNING_IAM","I am in love with the heat and bright sunshine of summer"
"891","MORNING_IAM","I am in love with the universe"
"892","MORNING_IAM","I am in love with the Divine as it is expressed in the world around me"
"893","MORNING_IAM","I am perfect as I am"
"894","MORNING_IAM","I am in love with my face"
"895","MORNING_IAM","I am in love with my eyes"
"896","MORNING_IAM","I am in love with my stomach"
"897","MORNING_IAM","I am in love with my periods"
"898","MORNING_IAM","I am in love with my toes"
"899","MORNING_IAM","I am in love with every breath I take"
"900","MORNING_IAM","I am in love with my fingers"
"901","MORNING_IAM","I am in love with my hair"
"902","MORNING_IAM","I am in love with my head"
"903","MORNING_IAM","I am in love with my ears"
"904","MORNING_IAM","I am in love with my teeth"
"905","MORNING_IAM","I am forever"
"906","MORNING_IAM","I am eternal"
"907","MORNING_IAM","I am a Divine song"
"908","MORNING_IAM","I am a Divine story of peace"
"909","MORNING_IAM","I am possibility"
"910","MORNING_IAM","I am choosing wisely"
"911","MORNING_IAM","I am a miracle"
"912","MORNING_IAM","I am always choosing the best for myself and others"
"913","MORNING_IAM","I am a beautiful dance of consciousness"
"914","MORNING_IAM","I am I am such an I am I am"
"915","MORNING_IAM","I am responsible"
"916","MORNING_IAM","I am a helping hand"
"917","MORNING_IAM","I am a gift"
"918","MORNING_IAM","I am needed"
"919","MORNING_IAM","I am happy to share my gifts with others"
"920","MORNING_IAM","I am happy to receive gifts from others"
"921","MORNING_IAM","I am imagining a world that works for everybody"
"922","MORNING_IAM","I am belief"
"923","MORNING_IAM","I am faith"
"924","MORNING_IAM","I am strength"
"925","MORNING_IAM","I am in love with all the time I have to do all the things I love"
"926","MORNING_IAM","I am grateful to be able to do all the things I love"
"927","MORNING_IAM","I am grateful for my life"
"928","MORNING_IAM","I am grateful for the food in my refrigerator"
"929","MORNING_IAM","I am grateful for the fire in my stove"
"930","MORNING_IAM","I am grateful for the ground I walk on"
"931","MORNING_IAM","I am grateful for art"
"932","MORNING_IAM","I am grateful for music"
"933","MORNING_IAM","I am in love with the musical sound of the world"
"934","MORNING_IAM","I am grateful for the fish in the sea"
"935","MORNING_IAM","I am grateful for the animals that walk this earth with me"
"936","MORNING_IAM","I am grateful for the birds in the air"
"937","MORNING_IAM","I am grateful for the thoughts I think"
"938","MORNING_IAM","I am letting go of the past, even the past I loved"
"939","MORNING_IAM","I am letting go of all I thought I knew that no longer serves me"
"940","MORNING_IAM","I am open to Divine knowledge"
"941","MORNING_IAM","I am open to Divine understanding"
"942","MORNING_IAM","I am the will of the Divine"
"943","MORNING_IAM","I am waking up happier and happier every day in every way"
"944","MORNING_IAM","I am always in a wealthy state of mind"
"945","MORNING_IAM","I am always in a grateful state of mind"
"946","MORNING_IAM","I am pleasure"
"947","MORNING_IAM","I am in a peaceful state of mind"
"948","MORNING_IAM","I am relaxed"
"949","MORNING_IAM","I am a Divine story of love"
"950","MORNING_IAM","I am a Divine story of prosperity"
"951","MORNING_IAM","I am a soulfully pleasurable experience"
"952","MORNING_IAM","I am the soul of my life"
"953","MORNING_IAM","I am a prayer"
"954","MORNING_IAM","I am praying now"
"955","MORNING_IAM","I am a voice for good"
"956","MORNING_IAM","I am the voice of love in my life"
"957","MORNING_IAM","I am the voice of peace in my life"
"958","MORNING_IAM","I am the voice of possibility in my life"
"959","MORNING_IAM","I am the voice of compassion in my life"
"960","MORNING_IAM","I am the voice of reason in my life"
"961","MORNING_IAM","I am the voice of joy in my life"
"962","MORNING_IAM","I am a beautiful speaker"
"963","MORNING_IAM","I am the embodiment of praise"
"964","MORNING_IAM","I am praising now"
"965","MORNING_IAM","I am the best me"
"966","MORNING_IAM","I am in love with my alone time"
"967","MORNING_IAM","I am in love with my meditation practice"
"968","MORNING_IAM","I am in love with love"
"969","MORNING_IAM","I am in love with joy"
"970","MORNING_IAM","I am in love with positive vibrations"
"971","MORNING_IAM","I am a positive vibration"
"972","MORNING_IAM","I am respect and respectful"
"973","MORNING_IAM","I am a good speaker"
"974","MORNING_IAM","I am in love with my sexuality"
"975","MORNING_IAM","I am in love with the sexuality of others"
"976","MORNING_IAM","I am in love with all the ways the Divine expresses in the world"
"977","MORNING_IAM","I am in love with the stars in a night sky"
"978","MORNING_IAM","I am in love with the feel of the sun on my skin"
"979","MORNING_IAM","I am in love with my skin"
"980","MORNING_IAM","I am in love with my chest"
"981","MORNING_IAM","I am in love with compliments"
"982","MORNING_IAM","I am always complimenting others"
"983","MORNING_IAM","I am always saying yes to money"
"984","MORNING_IAM","I am always saying yes to new things"
"985","MORNING_IAM","I am always attracting what is right for me"
"986","MORNING_IAM","I am always attracting what is good for me"
"987","MORNING_IAM","I am always attracting what is safe for me"
"988","MORNING_IAM","I am a safe space"
"989","MORNING_IAM","I am a peaceful space"
"990","MORNING_IAM","I am a channel of a Divine generosity"
"991","MORNING_IAM","I am a channel of the Divine I Am"
"992","MORNING_IAM","I am a channel of Divine music"
"993","MORNING_IAM","I am a channel of Divine creativity"
"994","MORNING_IAM","I am a channel of Divine love"
"995","MORNING_IAM","I am the light of my life"
"996","MORNING_IAM","I am a light on the path helping others to see"
"997","MORNING_IAM","I am bliss"
"998","MORNING_IAM","I am enlightenment given form"
"999","MORNING_IAM","I am a peaceful journey through time"
"1000","MORNING_IAM","I am big enough"
"1001","MORNING_IAM","I am strong enough"
"1002","MORNING_IAM","I am tough enough"
"1003","MORNING_IAM","I am better today than I was yesterday"
"1004","MORNING_IAM","I am at home wherever I am"
"1005","MORNING_IAM","I am comfortable"
"1006","MORNING_IAM","I am a comfortable experience"
"1007","MORNING_IAM","I am free of the need to be free"
"1008","MORNING_IAM","I am forgiven"
"1009","MORNING_IAM","I am in love with how I feel when I forgive"
"1010","MORNING_IAM","I am in love with how I feel when I share"
"1011","MORNING_IAM","I am in love with how I feel when I do what is right and good for me"
"1012","MORNING_IAM","I am in love with how I feel when I do what is right and good for others"
"1013","MORNING_IAM","I am in love with how I feel when I stay true to who I am"
"1014","MORNING_IAM","I am in love with how I feel when I speak my truth"
"1015","MORNING_IAM","I am in love with how I feel when I listen to that voice of the Divine within me"
"1016","MORNING_IAM","I am in love with how I feel when I feel"
"1017","MORNING_IAM","I am enlightened"
"1018","MORNING_IAM","I am an I am that is sometimes simple and sometimes complex"
"1019","MORNING_IAM","I am on purpose"
"1020","MORNING_IAM","I am my greatest purpose"
"1021","MORNING_IAM","I am the one I have been waiting for"
"1022","MORNING_IAM","I am my best friend"
"1023","MORNING_IAM","I am alive"
"1024","MORNING_IAM","I am life in human form"
"1025","MORNING_IAM","I am good company"
"1026","MORNING_IAM","I am in love with how I feel when I do service"
"1027","MORNING_IAM","I am in love all the time"
"1028","MORNING_IAM","I am in love with how I feel when I cook myself a nice dinner"
"1029","MORNING_IAM","I am in love with how I feel when I cook dinner for someone else"
"1030","MORNING_IAM","I am in love with how luxurious I feel in my skin right now"
"1031","MORNING_IAM","I am an expression of enlightened being"
"1032","MORNING_IAM","I am in love with my voice"
"1033","MORNING_IAM","I am a spontaneous burst of playful joy"
"1034","MORNING_IAM","I am in love with the child within me"
"1035","MORNING_IAM","I am in love with the parent in me"
"1036","MORNING_IAM","I am in love with the adult in me"
"1037","MORNING_IAM","I am in love with luxury"
"1038","MORNING_IAM","I am in love with beautiful things"
"1039","MORNING_IAM","I am the master of my destiny"
"1040","MORNING_IAM","I am the captain of my fate"
"1041","MORNING_IAM","I am in love with the Divine in me"
"1042","MORNING_IAM","I am a great expression of Divine Substance"
"1043","MORNING_IAM","I am choosing to focus on the good, the beautiful, and the true"
"1044","MORNING_IAM","I am in love with my heart"
"1045","MORNING_IAM","I am gratitude in action"
"1046","MORNING_IAM","I am love personified"
"1047","MORNING_IAM","I am the heart of my life"
"1048","MORNING_IAM","I am the heart of consciousness"
"1049","MORNING_IAM","I am somebody"
"1050","MORNING_IAM","I am somebody's child"
"1051","MORNING_IAM","I am somebody's friend"
"1052","MORNING_IAM","I am somebody's partner"
"1053","MORNING_IAM","I am somebody's lover"
"1054","MORNING_IAM","I am uniquely me"
"1055","MORNING_IAM","I am a rainbow of love"
"1056","MORNING_IAM","I am a rainbow of peace"
"1057","MORNING_IAM","I am a rainbow of joy"
"1058","MORNING_IAM","I am accomplishing all my goals"
"1059","MORNING_IAM","I am free will"
"1060","MORNING_IAM","I am infinite"
"1061","MORNING_IAM","I am smart"
"1062","MORNING_IAM","I am intelligent"
"1063","MORNING_IAM","I am inspired"
"1064","MORNING_IAM","I am inspiring"
"1065","MORNING_IAM","I am anchored in amazing possibilities"
"1066","MORNING_IAM","I am one with the Divine Intelligent Substance of the Universe"
"1067","MORNING_IAM","I am one with all living beings"
"1068","MORNING_IAM","I am the abundance I see around me"
"1069","MORNING_IAM","I am in love with the sound of my voice"
"1070","MORNING_IAM","I am so excited to be able to be"
"1071","MORNING_IAM","I am a source of good in the lives of others"
"1072","MORNING_IAM","I am proud"
"1073","MORNING_IAM","I am proud of my accomplishments"
"1074","MORNING_IAM","I am proud of the accomplishments of others"
"1075","MORNING_IAM","I am detached in a loving way"
"1076","MORNING_IAM","I am clever"
"1077","MORNING_IAM","I am ok right now as I am"
"1078","MORNING_IAM","I am letting go, with love, of what no longer works for me"
"1079","MORNING_IAM","I am in perfect health"
"1080","MORNING_IAM","I am committed to my highest good"
"1081","MORNING_IAM","I am a living celebration"
"1082","MORNING_IAM","I am a spirit radiating joy from the tips of my toes to the tips of the hairs on my head"
"1083","MORNING_IAM","I am receiving answers to my prayers right now"
"1084","MORNING_IAM","I am embracing and seeing the good in all things"
"1085","MORNING_IAM","I am optimistic"
"1086","MORNING_IAM","I am open to miracles"
"1087","MORNING_IAM","I am fully present to this version of now and all it has to offer"
"1088","MORNING_IAM","I am nourished and soul-fed by all the beauty around me"
"1089","MORNING_IAM","I am a magnet for joyful moments and people to share them with"
"1090","MORNING_IAM","I am sailing in the Divine flow of the mighty Universal river of fulfilled wishes"
"1091","MORNING_IAM","I am the answer to a prayer of love"
"1092","MORNING_IAM","I am a footprint in the sands of life"
"1093","MORNING_IAM","I am gratitude in action"
"1094","MORNING_IAM","I am cause, my life is effect"
"1095","MORNING_IAM","I am aware of the Divine in all I see"
"1096","MORNING_IAM","I am aware of the Divine in the air that I breathe"
"1097","MORNING_IAM","I am awake to this moment right now"
"1098","MORNING_IAM","I am awareness personified"
"1099","MORNING_IAM","I am the I Am presence as me"
"1100","MORNING_IAM","I am the answer to my mothers prayer"
"1101","MORNING_IAM","I am the purpose of my life"
"1102","MORNING_IAM","I am loved because I am"
"1103","MORNING_IAM","I am a seed that produces the most divine flowers that unfold into a most divine life"
"1104","MORNING_IAM","I am and have always been my father’s child"
"1105","MORNING_IAM","I am Divine"
"1106","MORNING_IAM","I am a Divinely inspired"
"1107","MORNING_IAM","I am the divine being in this skin"
"1108","MORNING_IAM","I am happy and excited that everything is always working out for me"
"1109","MORNING_IAM","I am loved"
"1110","MORNING_IAM","I am loving the life I am living"
"1111","MORNING_IAM","I am living the life I am loving"
"1112","MORNING_IAM","I am blessed"
"1113","MORNING_IAM","I am joy"
"1114","MORNING_IAM","I am listened to"
"1115","MORNING_IAM","I am heard"
"1116","MORNING_IAM","I am visible"
"1117","MORNING_IAM","I am seen"
"1118","MORNING_IAM","I am fun and a joyful being"
"1119","MORNING_IAM","I am the loved child of a generous universe"
"1120","MORNING_IAM","I am a blessing to others"
"1121","MORNING_IAM","I am prosperous"
"1122","MORNING_IAM","I am the best version of me that has everything I want"
"1123","MORNING_IAM","I am whole, healed, abundantly prospered and stable"
"1124","MORNING_IAM","I am wealthy now"
"1125","MORNING_IAM","I am bursting with ancestral wisdom"
"1126","MORNING_IAM","I am an open and friendly person"
"1127","MORNING_IAM","I am compassion"
"1128","MORNING_IAM","I am open and receptive to all my Divine Good"
"1129","MORNING_IAM","I am peace"
"1130","MORNING_IAM","I am happy"
"1131","MORNING_IAM","I am confident"
"1132","MORNING_IAM","I am generous"
"1133","MORNING_IAM","I am an ecstatic bundle of divine genetic material"
"1134","MORNING_IAM","I am a burst of sunshine in the lives of others"
"1135","MORNING_IAM","I am a good parent"
"1136","MORNING_IAM","I am a good friend"
"1137","MORNING_IAM","I am a good neighbor"
"1138","MORNING_IAM","I am the embodiment of the good shepherd"
"1139","MORNING_IAM","I am a positive contribution to the well-being of this planet"
"1140","MORNING_IAM","I am a positive contribution to the well-being of my family"
"1141","MORNING_IAM","I am a positive contribution to the well-being of my community"
"1142","MORNING_IAM","I am an abundant being"
"1143","MORNING_IAM","I am beautiful"
"1144","MORNING_IAM","I am warm and friendly"
"1145","MORNING_IAM","I am playful"
"1146","MORNING_IAM","I am creative"
"1147","MORNING_IAM","I am artistic"
"1148","MORNING_IAM","I am thoughtful"
"1149","MORNING_IAM","I am caring"
"1150","MORNING_IAM","I am kind"
"1151","MORNING_IAM","I am that I am"
"1152","MORNING_IAM","I am humble"
"1153","MORNING_IAM","I am at home in quiet spaces"
"1154","MORNING_IAM","I am a joyful noise"
"1155","MORNING_IAM","I am well fed"
"1156","MORNING_IAM","I am clothed in the richness of Divine Substance"
"1157","MORNING_IAM","I am well cared for"
"1158","MORNING_IAM","I am safe"
"1159","MORNING_IAM","I am protected"
"1160","MORNING_IAM","I am the child of a generous creator"
"1161","MORNING_IAM","I am the change I have been waiting for"
"1162","MORNING_IAM","I am the love I have been looking for"
"1163","MORNING_IAM","I am an affirmation of life"
"1164","MORNING_IAM","I am powerful"
"1165","MORNING_IAM","I am the word in perfect form"
"1166","MORNING_IAM","I am that I am and that I am is amazing"
"1167","MORNING_IAM","I am always in a fun-loving frame of mind"
"1168","MORNING_IAM","I am in love with You and the world"
"1169","MORNING_IAM","I am trustworthy"
"1170","MORNING_IAM","I am always on time"
"1171","MORNING_IAM","I am always in the right place at the right time"
"1172","MORNING_IAM","I am always where I am supposed to be"
"1173","MORNING_IAM","I am creatively carefree and love all that unfolds from this state of being"
"1174","MORNING_IAM","I am safely held in this wonderful home"
"1175","MORNING_IAM","I am at home in this wonderful neighborhood"
"1176","MORNING_IAM","I am loving"
"1177","MORNING_IAM","I am blessing others every day in every way by what I do and what I say"
"1178","MORNING_IAM","I am always saying yes to my good"
"1179","MORNING_IAM","I am a force for good"
"1180","MORNING_IAM","I am full of energy"
"1181","MORNING_IAM","I am getting better and better every day in every way"
"1182","MORNING_IAM","I am in love with the air that I breathe"
"1183","MORNING_IAM","I am in love with the good food I eat"
"1184","MORNING_IAM","I am in love with the water I drink"
"1185","MORNING_IAM","I am calm"
"1186","MORNING_IAM","I am mindful"
"1187","MORNING_IAM","I am a perfect fit"
"1188","MORNING_IAM","I am a money magnet"
"1189","MORNING_IAM","I am a love magnet"
"1190","MORNING_IAM","I am a joy magnet"
"1191","MORNING_IAM","I am a peace magnet"
"1192","MORNING_IAM","I am a sacred space"
"1193","MORNING_IAM","I am an experience of peace"
"1194","MORNING_IAM","I am an experience of joy"
"1195","MORNING_IAM","I am an experience of love"
"1196","MORNING_IAM","I am in love with intimacy"
"1197","MORNING_IAM","I am basking in the luxurious life of the divine"
"1198","MORNING_IAM","I am a channel of the Divine"
"1199","MORNING_IAM","I am funny"
"1200","MORNING_IAM","I am lighthearted"
"1201","MORNING_IAM","I am always meeting great and wonderful people"
"1202","MORNING_IAM","I am always seeing the good in others"
"1203","MORNING_IAM","I am able to let go of what no longer serves me with love and respect"
"1204","MORNING_IAM","I am free"
"1205","MORNING_IAM","I am now financially free"
"1206","MORNING_IAM","I am now emotionally free"
"1207","MORNING_IAM","I am music to someone’s ears"
"1208","MORNING_IAM","I am always sharing with joy and gratitude"
"1209","MORNING_IAM","I am lucky"
"1210","MORNING_IAM","I am winning all the time"
"1211","MORNING_IAM","I am a healer"
"1212","MORNING_IAM","I am a manifester"
"1213","MORNING_IAM","I am aware of the power of good that flows through me"
"1214","MORNING_IAM","I am aware of the power of good that flows through others"
"1215","MORNING_IAM","I am aware of the Divine all around me"
"1216","MORNING_IAM","I am always getting enough sleep"
"1217","MORNING_IAM","I am well rested"
"1218","MORNING_IAM","I am whole"
"1219","MORNING_IAM","I am complete"
"1220","MORNING_IAM","I am one with everything and everyone"
"1221","MORNING_IAM","I am good at setting boundaries when I need them"
"1222","MORNING_IAM","I am always having good positive experiences"
"1223","MORNING_IAM","I am positive"
"1224","MORNING_IAM","I am choosing to be happy"
"1225","MORNING_IAM","I am choosing to be wealthy"
"1226","MORNING_IAM","I am choosing to be right here right now"
"1227","MORNING_IAM","I am intentionally embracing my space in the here and the now"
"1228","MORNING_IAM","I am free of the past"
"1229","MORNING_IAM","I am planting seeds of wealth now"
"1230","MORNING_IAM","I am planting seeds of joy now"
"1231","MORNING_IAM","I am planting seeds of prosperity now"
"1232","MORNING_IAM","I am a Divine seed"
"1233","MORNING_IAM","I am comfortable in the lap of luxury"
"1234","MORNING_IAM","I am a Divine receptacle"
"1235","MORNING_IAM","I am honest"
"1236","MORNING_IAM","I am worthy"
"1237","MORNING_IAM","I am deserving of all the good the universe has for me"
"1238","MORNING_IAM","I am a star"
"1239","MORNING_IAM","I am merciful"
"1240","MORNING_IAM","I am beneficent"
"1241","MORNING_IAM","I am on an amazing journey"
"1242","MORNING_IAM","I am growing spiritually every day in every way"
"1243","MORNING_IAM","I am a calm and gentle spirit"
"1244","MORNING_IAM","I am a good and worthy choice"
"1245","MORNING_IAM","I am in love with my quiet time"
"1246","MORNING_IAM","I am in love with the time I spend with friends and family"
"1247","MORNING_IAM","I am in love with diversity"
"1248","MORNING_IAM","I am a diverse spiritual being"
"1249","MORNING_IAM","I am enough"
"1250","MORNING_IAM","I am more than enough"
"1251","MORNING_IAM","I am the cup that runneth over"
"1252","MORNING_IAM","I am in love with money and all good and fun things I can do with it"
"1253","MORNING_IAM","I am in love with the world"
"1254","MORNING_IAM","I am justice"
"1255","MORNING_IAM","I am truth"
"1256","MORNING_IAM","I am the hero of my story"
"1257","MORNING_IAM","I am the consciousness of my life"
"1258","MORNING_IAM","I am the center of my world"
"1259","MORNING_IAM","I am the center of the universe"
"1260","MORNING_IAM","I am made of the substance of the stars"
"1261","MORNING_IAM","I am in love with change and welcome it with joy"
"1262","MORNING_IAM","I am in love with plants and flowers and grass and summer breezes"
"1263","MORNING_IAM","I am in love with snow and cold crisp winter air"
"1264","MORNING_IAM","I am in love with the heat and bright sunshine of summer"
"1265","MORNING_IAM","I am in love with the universe"
"1266","MORNING_IAM","I am in love with the Divine as it is expressed in the world around me"
"1267","MORNING_IAM","I am perfect as I am"
"1268","MORNING_IAM","I am in love with my face"
"1269","MORNING_IAM","I am in love with my eyes"
"1270","MORNING_IAM","I am in love with my stomach"
"1271","MORNING_IAM","I am in love with my periods"
"1272","MORNING_IAM","I am in love with my toes"
"1273","MORNING_IAM","I am in love with every breath I take"
"1274","MORNING_IAM","I am in love with my fingers"
"1275","MORNING_IAM","I am in love with my hair"
"1276","MORNING_IAM","I am in love with my head"
"1277","MORNING_IAM","I am in love with my ears"
"1278","MORNING_IAM","I am in love with my teeth"
"1279","MORNING_IAM","I am forever"
"1280","MORNING_IAM","I am eternal"
"1281","MORNING_IAM","I am a Divine song"
"1282","MORNING_IAM","I am a Divine story of peace"
"1283","MORNING_IAM","I am possibility"
"1284","MORNING_IAM","I am choosing wisely"
"1285","MORNING_IAM","I am a miracle"
"1286","MORNING_IAM","I am always choosing the best for myself and others"
"1287","MORNING_IAM","I am a beautiful dance of consciousness"
"1288","MORNING_IAM","I am I am such an I am I am"
"1289","MORNING_IAM","I am responsible"
"1290","MORNING_IAM","I am a helping hand"
"1291","MORNING_IAM","I am a gift"
"1292","MORNING_IAM","I am needed"
"1293","MORNING_IAM","I am happy to share my gifts with others"
"1294","MORNING_IAM","I am happy to receive gifts from others"
"1295","MORNING_IAM","I am imagining a world that works for everybody"
"1296","MORNING_IAM","I am belief"
"1297","MORNING_IAM","I am faith"
"1298","MORNING_IAM","I am strength"
"1299","MORNING_IAM","I am in love with all the time I have to do all the things I love"
"1300","MORNING_IAM","I am grateful to be able to do all the things I love"
"1301","MORNING_IAM","I am grateful for my life"
"1302","MORNING_IAM","I am grateful for the food in my refrigerator"
"1303","MORNING_IAM","I am grateful for the fire in my stove"
"1304","MORNING_IAM","I am grateful for the ground I walk on"
"1305","MORNING_IAM","I am grateful for art"
"1306","MORNING_IAM","I am grateful for music"
"1307","MORNING_IAM","I am in love with the musical sound of the world"
"1308","MORNING_IAM","I am grateful for the fish in the sea"
"1309","MORNING_IAM","I am grateful for the animals that walk this earth with me"
"1310","MORNING_IAM","I am grateful for the birds in the air"
"1311","MORNING_IAM","I am grateful for the thoughts I think"
"1312","MORNING_IAM","I am letting go of the past, even the past I loved"
"1313","MORNING_IAM","I am letting go of all I thought I knew that no longer serves me"
"1314","MORNING_IAM","I am open to Divine knowledge"
"1315","MORNING_IAM","I am open to Divine understanding"
"1316","MORNING_IAM","I am the will of the Divine"
"1317","MORNING_IAM","I am waking up happier and happier every day in every way"
"1318","MORNING_IAM","I am always in a wealthy state of mind"
"1319","MORNING_IAM","I am always in a grateful state of mind"
"1320","MORNING_IAM","I am pleasure"
"1321","MORNING_IAM","I am in a peaceful state of mind"
"1322","MORNING_IAM","I am relaxed"
"1323","MORNING_IAM","I am a Divine story of love"
"1324","MORNING_IAM","I am a Divine story of prosperity"
"1325","MORNING_IAM","I am a soulfully pleasurable experience"
"1326","MORNING_IAM","I am the soul of my life"
"1327","MORNING_IAM","I am a prayer"
"1328","MORNING_IAM","I am praying now"
"1329","MORNING_IAM","I am a voice for good"
"1330","MORNING_IAM","I am the voice of love in my life"
"1331","MORNING_IAM","I am the voice of peace in my life"
"1332","MORNING_IAM","I am the voice of possibility in my life"
"1333","MORNING_IAM","I am the voice of compassion in my life"
"1334","MORNING_IAM","I am the voice of reason in my life"
"1335","MORNING_IAM","I am the voice of joy in my life"
"1336","MORNING_IAM","I am a beautiful speaker"
"1337","MORNING_IAM","I am the embodiment of praise"
"1338","MORNING_IAM","I am praising now"
"1339","MORNING_IAM","I am the best me"
"1340","MORNING_IAM","I am in love with my alone time"
"1341","MORNING_IAM","I am in love with my meditation practice"
"1342","MORNING_IAM","I am in love with love"
"1343","MORNING_IAM","I am in love with joy"
"1344","MORNING_IAM","I am in love with positive vibrations"
"1345","MORNING_IAM","I am a positive vibration"
"1346","MORNING_IAM","I am respect and respectful"
"1347","MORNING_IAM","I am a good speaker"
"1348","MORNING_IAM","I am in love with my sexuality"
"1349","MORNING_IAM","I am in love with the sexuality of others"
"1350","MORNING_IAM","I am in love with all the ways the Divine expresses in the world"
"1351","MORNING_IAM","I am in love with the stars in a night sky"
"1352","MORNING_IAM","I am in love with the feel of the sun on my skin"
"1353","MORNING_IAM","I am in love with my skin"
"1354","MORNING_IAM","I am in love with my chest"
"1355","MORNING_IAM","I am in love with compliments"
"1356","MORNING_IAM","I am always complimenting others"
"1357","MORNING_IAM","I am always saying yes to money"
"1358","MORNING_IAM","I am always saying yes to new things"
"1359","MORNING_IAM","I am always attracting what is right for me"
"1360","MORNING_IAM","I am always attracting what is good for me"
"1361","MORNING_IAM","I am always attracting what is safe for me"
"1362","MORNING_IAM","I am a safe space"
"1363","MORNING_IAM","I am a peaceful space"
"1364","MORNING_IAM","I am a channel of a Divine generosity"
"1365","MORNING_IAM","I am a channel of the Divine I Am"
"1366","MORNING_IAM","I am a channel of Divine music"
"1367","MORNING_IAM","I am a channel of Divine creativity"
"1368","MORNING_IAM","I am a channel of Divine love"
"1369","MORNING_IAM","I am the light of my life"
"1370","MORNING_IAM","I am a light on the path helping others to see"
"1371","MORNING_IAM","I am bliss"
"1372","MORNING_IAM","I am enlightenment given form"
"1373","MORNING_IAM","I am a peaceful journey through time"
"1374","MORNING_IAM","I am big enough"
"1375","MORNING_IAM","I am strong enough"
"1376","MORNING_IAM","I am tough enough"
"1377","MORNING_IAM","I am better today than I was yesterday"
"1378","MORNING_IAM","I am at home wherever I am"
"1379","MORNING_IAM","I am comfortable"
"1380","MORNING_IAM","I am a comfortable experience"
"1381","MORNING_IAM","I am free of the need to be free"
"1382","MORNING_IAM","I am forgiven"
"1383","MORNING_IAM","I am in love with how I feel when I forgive"
"1384","MORNING_IAM","I am in love with how I feel when I share"
"1385","MORNING_IAM","I am in love with how I feel when I do what is right and good for me"
"1386","MORNING_IAM","I am in love with how I feel when I do what is right and good for others"
"1387","MORNING_IAM","I am in love with how I feel when I stay true to who I am"
"1388","MORNING_IAM","I am in love with how I feel when I speak my truth"
"1389","MORNING_IAM","I am in love with how I feel when I listen to that voice of the Divine within me"
"1390","MORNING_IAM","I am in love with how I feel when I feel"
"1391","MORNING_IAM","I am enlightened"
"1392","MORNING_IAM","I am an I am that is sometimes simple and sometimes complex"
"1393","MORNING_IAM","I am on purpose"
"1394","MORNING_IAM","I am my greatest purpose"
"1395","MORNING_IAM","I am the one I have been waiting for"
"1396","MORNING_IAM","I am my best friend"
"1397","MORNING_IAM","I am alive"
"1398","MORNING_IAM","I am life in human form"
"1399","MORNING_IAM","I am good company"
"1400","MORNING_IAM","I am in love with how I feel when I do service"
"1401","MORNING_IAM","I am in love all the time"
"1402","MORNING_IAM","I am in love with how I feel when I cook myself a nice dinner"
"1403","MORNING_IAM","I am in love with how I feel when I cook dinner for someone else"
"1404","MORNING_IAM","I am in love with how luxurious I feel in my skin right now"
"1405","MORNING_IAM","I am an expression of enlightened being"
"1406","MORNING_IAM","I am in love with my voice"
"1407","MORNING_IAM","I am a spontaneous burst of playful joy"
"1408","MORNING_IAM","I am in love with the child within me"
"1409","MORNING_IAM","I am in love with the parent in me"
"1410","MORNING_IAM","I am in love with the adult in me"
"1411","MORNING_IAM","I am in love with luxury"
"1412","MORNING_IAM","I am in love with beautiful things"
"1413","MORNING_IAM","I am the master of my destiny"
"1414","MORNING_IAM","I am the captain of my fate"
"1415","MORNING_IAM","I am in love with the Divine in me"
"1416","MORNING_IAM","I am a great expression of Divine Substance"
"1417","MORNING_IAM","I am choosing to focus on the good, the beautiful, and the true"
"1418","MORNING_IAM","I am in love with my heart"
"1419","MORNING_IAM","I am gratitude in action"
"1420","MORNING_IAM","I am love personified"
"1421","MORNING_IAM","I am the heart of my life"
"1422","MORNING_IAM","I am the heart of consciousness"
"1423","MORNING_IAM","I am somebody"
"1424","MORNING_IAM","I am somebody's child"
"1425","MORNING_IAM","I am somebody's friend"
"1426","MORNING_IAM","I am somebody's partner"
"1427","MORNING_IAM","I am somebody's lover"
"1428","MORNING_IAM","I am uniquely me"
"1429","MORNING_IAM","I am a rainbow of love"
"1430","MORNING_IAM","I am a rainbow of peace"
"1431","MORNING_IAM","I am a rainbow of joy"
"1432","MORNING_IAM","I am accomplishing all my goals"
"1433","MORNING_IAM","I am free will"
"1434","MORNING_IAM","I am infinite"
"1435","MORNING_IAM","I am smart"
"1436","MORNING_IAM","I am intelligent"
"1437","MORNING_IAM","I am inspired"
"1438","MORNING_IAM","I am inspiring"
"1439","MORNING_IAM","I am anchored in amazing possibilities"
"1440","MORNING_IAM","I am one with the Divine Intelligent Substance of the Universe"
"1441","MORNING_IAM","I am one with all living beings"
"1442","MORNING_IAM","I am the abundance I see around me"
"1443","MORNING_IAM","I am in love with the sound of my voice"
"1444","MORNING_IAM","I am so excited to be able to be"
"1445","MORNING_IAM","I am a source of good in the lives of others"
"1446","MORNING_IAM","I am proud"
"1447","MORNING_IAM","I am proud of my accomplishments"
"1448","MORNING_IAM","I am proud of the accomplishments of others"
"1449","MORNING_IAM","I am detached in a loving way"
"1450","MORNING_IAM","I am clever"
"1451","MORNING_IAM","I am ok right now as I am"
"1452","MORNING_IAM","I am letting go, with love, of what no longer works for me"
"1453","MORNING_IAM","I am in perfect health"
"1454","MORNING_IAM","I am committed to my highest good"
"1455","MORNING_IAM","I am a living celebration"
"1456","MORNING_IAM","I am a spirit radiating joy from the tips of my toes to the tips of the hairs on my head"
"1457","MORNING_IAM","I am receiving answers to my prayers right now"
"1458","MORNING_IAM","I am embracing and seeing the good in all things"
"1459","MORNING_IAM","I am optimistic"
"1460","MORNING_IAM","I am open to miracles"
"1461","MORNING_IAM","I am fully present to this version of now and all it has to offer"
"1462","MORNING_IAM","I am nourished and soul-fed by all the beauty around me"
"1463","MORNING_IAM","I am a magnet for joyful moments and people to share them with"
"1464","MORNING_IAM","I am sailing in the Divine flow of the mighty Universal river of fulfilled wishes"
"1465","MORNING_IAM","I am the answer to a prayer of love"
"1466","MORNING_IAM","I am a footprint in the sands of life"
"1467","MORNING_IAM","I am gratitude in action"
"1468","MORNING_IAM","I am cause, my life is effect"
"1469","MORNING_IAM","I am aware of the Divine in all I see"
"1470","MORNING_IAM","I am aware of the Divine in the air that I breathe"
"1471","MORNING_IAM","I am awake to this moment right now"
"1472","MORNING_IAM","I am awareness personified"
"1473","MORNING_IAM","I am the I Am presence as me"
"1474","MORNING_IAM","I am the answer to my mothers prayer"
"1475","MORNING_IAM","I am the purpose of my life"
"1476","MORNING_IAM","I am loved because I am"
"1477","MORNING_IAM","I am a seed that produces the most divine flowers that unfold into a most divine life"
"1478","MORNING_IAM","I am and have always been my father’s child"
"1479","MORNING_IAM","I am Divine"
"1480","MORNING_IAM","I am a Divinely inspired"
"1481","MORNING_IAM","I am the divine being in this skin"
"1482","MORNING_IAM","I am happy and excited that everything is always working out for me"
"1483","MORNING_IAM","I am loved"
"1484","MORNING_IAM","I am loving the life I am living"
"1485","MORNING_IAM","I am living the life I am loving"
"1486","MORNING_IAM","I am blessed"
"1487","MORNING_IAM","I am joy"
"1488","MORNING_IAM","I am listened to"
"1489","MORNING_IAM","I am heard"
"1490","MORNING_IAM","I am visible"
"1491","MORNING_IAM","I am seen"
"1492","MORNING_IAM","I am fun and a joyful being"
"1493","MORNING_IAM","I am the loved child of a generous universe"
"1494","MORNING_IAM","I am a blessing to others"
"1495","MORNING_IAM","I am prosperous"
"1496","MORNING_IAM","I am the best version of me that has everything I want"
"1497","MORNING_IAM","I am whole, healed, abundantly prospered and stable"
"1498","MORNING_IAM","I am wealthy now"
"1499","MORNING_IAM","I am bursting with ancestral wisdom"
"1500","MORNING_IAM","I am an open and friendly person"
"1501","MORNING_IAM","I am compassion"
"1502","MORNING_IAM","I am open and receptive to all my Divine Good"
"1503","MORNING_IAM","I am peace"
"1504","MORNING_IAM","I am happy"
"1505","MORNING_IAM","I am confident"
"1506","MORNING_IAM","I am generous"
"1507","MORNING_IAM","I am an ecstatic bundle of divine genetic material"
"1508","MORNING_IAM","I am a burst of sunshine in the lives of others"
"1509","MORNING_IAM","I am a good parent"
"1510","MORNING_IAM","I am a good friend"
"1511","MORNING_IAM","I am a good neighbor"
"1512","MORNING_IAM","I am the embodiment of the good shepherd"
"1513","MORNING_IAM","I am a positive contribution to the well-being of this planet"
"1514","MORNING_IAM","I am a positive contribution to the well-being of my family"
"1515","MORNING_IAM","I am a positive contribution to the well-being of my community"
"1516","MORNING_IAM","I am an abundant being"
"1517","MORNING_IAM","I am beautiful"
"1518","MORNING_IAM","I am warm and friendly"
"1519","MORNING_IAM","I am playful"
"1520","MORNING_IAM","I am creative"
"1521","MORNING_IAM","I am artistic"
"1522","MORNING_IAM","I am thoughtful"
"1523","MORNING_IAM","I am caring"
"1524","MORNING_IAM","I am kind"
"1525","MORNING_IAM","I am that I am"
"1526","MORNING_IAM","I am humble"
"1527","MORNING_IAM","I am at home in quiet spaces"
"1528","MORNING_IAM","I am a joyful noise"
"1529","MORNING_IAM","I am well fed"
"1530","MORNING_IAM","I am clothed in the richness of Divine Substance"
"1531","MORNING_IAM","I am well cared for"
"1532","MORNING_IAM","I am safe"
"1533","MORNING_IAM","I am protected"
"1534","MORNING_IAM","I am the child of a generous creator"
"1535","MORNING_IAM","I am the change I have been waiting for"
"1537","MORNING_IAM","I am an affirmation of life"
"1538","MORNING_IAM","I am powerful"
"1539","MORNING_IAM","I am the word in perfect form"
"1540","MORNING_IAM","I am that I am and that I am is amazing"
"1541","MORNING_IAM","I am always in a fun-loving frame of mind"
"1542","MORNING_IAM","I am in love with You and the world"
"1543","MORNING_IAM","I am trustworthy"
"1544","MORNING_IAM","I am always on time"
"1545","MORNING_IAM","I am always in the right place at the right time"
"1546","MORNING_IAM","I am always where I am supposed to be"
"1547","MORNING_IAM","I am creatively carefree and love all that unfolds from this state of being"
"1548","MORNING_IAM","I am safely held in this wonderful home"
"1549","MORNING_IAM","I am at home in this wonderful neighborhood"
"1550","MORNING_IAM","I am loving"
"1551","MORNING_IAM","I am blessing others every day in every way by what I do and what I say"
"1552","MORNING_IAM","I am always saying yes to my good"
"1553","MORNING_IAM","I am a force for good"
"1554","MORNING_IAM","I am full of energy"
"1555","MORNING_IAM","I am getting better and better every day in every way"
"1556","MORNING_IAM","I am in love with the air that I breathe"
"1557","MORNING_IAM","I am in love with the good food I eat"
"1558","MORNING_IAM","I am in love with the water I drink"
"1559","MORNING_IAM","I am calm"
"1560","MORNING_IAM","I am mindful"
"1561","MORNING_IAM","I am a perfect fit"
"1562","MORNING_IAM","I am a money magnet"
"1563","MORNING_IAM","I am a love magnet"
"1564","MORNING_IAM","I am a joy magnet"
"1565","MORNING_IAM","I am a peace magnet"
"1566","MORNING_IAM","I am a sacred space"
"1567","MORNING_IAM","I am an experience of peace"
"1568","MORNING_IAM","I am an experience of joy"
"1569","MORNING_IAM","I am an experience of love"
"1570","MORNING_IAM","I am in love with intimacy"
"1571","MORNING_IAM","I am basking in the luxurious life of the divine"
"1572","MORNING_IAM","I am a channel of the Divine"
"1573","MORNING_IAM","I am funny"
"1574","MORNING_IAM","I am lighthearted"
"1575","MORNING_IAM","I am always meeting great and wonderful people"
"1576","MORNING_IAM","I am always seeing the good in others"
"1577","MORNING_IAM","I am able to let go of what no longer serves me with love and respect"
"1578","MORNING_IAM","I am free"
"1579","MORNING_IAM","I am now financially free"
"1580","MORNING_IAM","I am now emotionally free"
"1581","MORNING_IAM","I am music to someone’s ears"
"1582","MORNING_IAM","I am always sharing with joy and gratitude"
"1583","MORNING_IAM","I am lucky"
"1584","MORNING_IAM","I am winning all the time"
"1585","MORNING_IAM","I am a healer"
"1586","MORNING_IAM","I am a manifester"
"1587","MORNING_IAM","I am aware of the power of good that flows through me"
"1588","MORNING_IAM","I am aware of the power of good that flows through others"
"1589","MORNING_IAM","I am aware of the Divine all around me"
"1590","MORNING_IAM","I am always getting enough sleep"
"1591","MORNING_IAM","I am well rested"
"1592","MORNING_IAM","I am whole"
"1593","MORNING_IAM","I am complete"
"1594","MORNING_IAM","I am one with everything and everyone"
"1595","MORNING_IAM","I am good at setting boundaries when I need them"
"1596","MORNING_IAM","I am always having good positive experiences"
"1597","MORNING_IAM","I am positive"
"1598","MORNING_IAM","I am choosing to be happy"
"1599","MORNING_IAM","I am choosing to be wealthy"
"1600","MORNING_IAM","I am choosing to be right here right now"
"1601","MORNING_IAM","I am intentionally embracing my space in the here and the now"
"1602","MORNING_IAM","I am free of the past"
"1603","MORNING_IAM","I am planting seeds of wealth now"
"1604","MORNING_IAM","I am planting seeds of joy now"
"1605","MORNING_IAM","I am planting seeds of prosperity now"
"1606","MORNING_IAM","I am a Divine seed"
"1607","MORNING_IAM","I am comfortable in the lap of luxury"
"1608","MORNING_IAM","I am a Divine receptacle"
"1609","MORNING_IAM","I am honest"
"1610","MORNING_IAM","I am worthy"
"1611","MORNING_IAM","I am deserving of all the good the universe has for me"
"1612","MORNING_IAM","I am a star"
"1613","MORNING_IAM","I am merciful"
"1614","MORNING_IAM","I am beneficent"
"1615","MORNING_IAM","I am on an amazing journey"
"1616","MORNING_IAM","I am growing spiritually every day in every way"
"1617","MORNING_IAM","I am a calm and gentle spirit"
"1618","MORNING_IAM","I am a good and worthy choice"
"1619","MORNING_IAM","I am in love with my quiet time"
"1620","MORNING_IAM","I am in love with the time I spend with friends and family"
"1621","MORNING_IAM","I am in love with diversity"
"1622","MORNING_IAM","I am a diverse spiritual being"
"1623","MORNING_IAM","I am enough"
"1624","MORNING_IAM","I am more than enough"
"1625","MORNING_IAM","I am the cup that runneth over"
"1626","MORNING_IAM","I am in love with money and all good and fun things I can do with it"
"1627","MORNING_IAM","I am in love with the world"
"1628","MORNING_IAM","I am justice"
"1629","MORNING_IAM","I am truth"
"1630","MORNING_IAM","I am the hero of my story"
"1631","MORNING_IAM","I am the consciousness of my life"
"1632","MORNING_IAM","I am the center of my world"
"1633","MORNING_IAM","I am the center of the universe"
"1634","MORNING_IAM","I am made of the substance of the stars"
"1635","MORNING_IAM","I am in love with change and welcome it with joy"
"1636","MORNING_IAM","I am in love with plants and flowers and grass and summer breezes"
"1637","MORNING_IAM","I am in love with snow and cold crisp winter air"
"1638","MORNING_IAM","I am in love with the heat and bright sunshine of summer"
"1639","MORNING_IAM","I am in love with the universe"
"1640","MORNING_IAM","I am in love with the Divine as it is expressed in the world around me"
"1641","MORNING_IAM","I am perfect as I am"
"1642","MORNING_IAM","I am in love with my face"
"1643","MORNING_IAM","I am in love with my eyes"
"1644","MORNING_IAM","I am in love with my stomach"
"1645","MORNING_IAM","I am in love with my periods"
"1646","MORNING_IAM","I am in love with my toes"
"1647","MORNING_IAM","I am in love with every breath I take"
"1648","MORNING_IAM","I am in love with my fingers"
"1649","MORNING_IAM","I am in love with my hair"
"1650","MORNING_IAM","I am in love with my head"
"1651","MORNING_IAM","I am in love with my ears"
"1652","MORNING_IAM","I am in love with my teeth"
"1653","MORNING_IAM","I am forever"
"1654","MORNING_IAM","I am eternal"
"1655","MORNING_IAM","I am a Divine song"
"1656","MORNING_IAM","I am a Divine story of peace"
"1657","MORNING_IAM","I am possibility"
"1658","MORNING_IAM","I am choosing wisely"
"1659","MORNING_IAM","I am a miracle"
"1660","MORNING_IAM","I am always choosing the best for myself and others"
"1661","MORNING_IAM","I am a beautiful dance of consciousness"
"1662","MORNING_IAM","I am I am such an I am I am"
"1663","MORNING_IAM","I am responsible"
"1664","MORNING_IAM","I am a helping hand"
"1665","MORNING_IAM","I am a gift"
"1666","MORNING_IAM","I am needed"
"1667","MORNING_IAM","I am happy to share my gifts with others"
"1668","MORNING_IAM","I am happy to receive gifts from others"
"1669","MORNING_IAM","I am imagining a world that works for everybody"
"1670","MORNING_IAM","I am belief"
"1671","MORNING_IAM","I am faith"
"1672","MORNING_IAM","I am strength"
"1673","MORNING_IAM","I am in love with all the time I have to do all the things I love"
"1674","MORNING_IAM","I am grateful to be able to do all the things I love"
"1675","MORNING_IAM","I am grateful for my life"
"1676","MORNING_IAM","I am grateful for the food in my refrigerator"
"1677","MORNING_IAM","I am grateful for the fire in my stove"
"1678","MORNING_IAM","I am grateful for the ground I walk on"
"1679","MORNING_IAM","I am grateful for art"
"1680","MORNING_IAM","I am grateful for music"
"1681","MORNING_IAM","I am in love with the musical sound of the world"
"1682","MORNING_IAM","I am grateful for the fish in the sea"
"1683","MORNING_IAM","I am grateful for the animals that walk this earth with me"
"1684","MORNING_IAM","I am grateful for the birds in the air"
"1685","MORNING_IAM","I am grateful for the thoughts I think"
"1686","MORNING_IAM","I am letting go of the past, even the past I loved"
"1687","MORNING_IAM","I am letting go of all I thought I knew that no longer serves me"
"1688","MORNING_IAM","I am open to Divine knowledge"
"1689","MORNING_IAM","I am open to Divine understanding"
"1690","MORNING_IAM","I am the will of the Divine"
"1691","MORNING_IAM","I am waking up happier and happier every day in every way"
"1692","MORNING_IAM","I am always in a wealthy state of mind"
"1693","MORNING_IAM","I am always in a grateful state of mind"
"1694","MORNING_IAM","I am pleasure"
"1695","MORNING_IAM","I am in a peaceful state of mind"
"1696","MORNING_IAM","I am relaxed"
"1697","MORNING_IAM","I am a Divine story of love"
"1698","MORNING_IAM","I am a Divine story of prosperity"
"1699","MORNING_IAM","I am a soulfully pleasurable experience"
"1700","MORNING_IAM","I am the soul of my life"
"1701","MORNING_IAM","I am a prayer"
"1702","MORNING_IAM","I am praying now"
"1703","MORNING_IAM","I am a voice for good"
"1704","MORNING_IAM","I am the voice of love in my life"
"1705","MORNING_IAM","I am the voice of peace in my life"
"1706","MORNING_IAM","I am the voice of possibility in my life"
"1707","MORNING_IAM","I am the voice of compassion in my life"
"1708","MORNING_IAM","I am the voice of reason in my life"
"1709","MORNING_IAM","I am the voice of joy in my life"
"1710","MORNING_IAM","I am a beautiful speaker"
"1711","MORNING_IAM","I am the embodiment of praise"
"1712","MORNING_IAM","I am praising now"
"1713","MORNING_IAM","I am the best me"
"1714","MORNING_IAM","I am in love with my alone time"
"1715","MORNING_IAM","I am in love with my meditation practice"
"1716","MORNING_IAM","I am in love with love"
"1717","MORNING_IAM","I am in love with joy"
"1718","MORNING_IAM","I am in love with positive vibrations"
"1719","MORNING_IAM","I am a positive vibration"
"1720","MORNING_IAM","I am respect and respectful"
"1721","MORNING_IAM","I am a good speaker"
"1722","MORNING_IAM","I am in love with my sexuality"
"1723","MORNING_IAM","I am in love with the sexuality of others"
"1724","MORNING_IAM","I am in love with all the ways the Divine expresses in the world"
"1725","MORNING_IAM","I am in love with the stars in a night sky"
"1726","MORNING_IAM","I am in love with the feel of the sun on my skin"
"1727","MORNING_IAM","I am in love with my skin"
"1728","MORNING_IAM","I am in love with my chest"
"1729","MORNING_IAM","I am in love with compliments"
"1730","MORNING_IAM","I am always complimenting others"
"1731","MORNING_IAM","I am always saying yes to money"
"1732","MORNING_IAM","I am always saying yes to new things"
"1733","MORNING_IAM","I am always attracting what is right for me"
"1734","MORNING_IAM","I am always attracting what is good for me"
"1735","MORNING_IAM","I am always attracting what is safe for me"
"1736","MORNING_IAM","I am a safe space"
"1737","MORNING_IAM","I am a peaceful space"
"1738","MORNING_IAM","I am a channel of a Divine generosity"
"1739","MORNING_IAM","I am a channel of the Divine I Am"
"1740","MORNING_IAM","I am a channel of Divine music"
"1741","MORNING_IAM","I am a channel of Divine creativity"
"1742","MORNING_IAM","I am a channel of Divine love"
"1743","MORNING_IAM","I am the light of my life"
"1744","MORNING_IAM","I am a light on the path helping others to see"
"1745","MORNING_IAM","I am bliss"
"1746","MORNING_IAM","I am enlightenment given form"
"1747","MORNING_IAM","I am a peaceful journey through time"
"1748","MORNING_IAM","I am big enough"
"1749","MORNING_IAM","I am strong enough"
"1750","MORNING_IAM","I am tough enough"
"1751","MORNING_IAM","I am better today than I was yesterday"
"1752","MORNING_IAM","I am at home wherever I am"
"1753","MORNING_IAM","I am comfortable"
"1754","MORNING_IAM","I am a comfortable experience"
"1755","MORNING_IAM","I am free of the need to be free"
"1756","MORNING_IAM","I am forgiven"
"1757","MORNING_IAM","I am in love with how I feel when I forgive"
"1758","MORNING_IAM","I am in love with how I feel when I share"
"1759","MORNING_IAM","I am in love with how I feel when I do what is right and good for me"
"1760","MORNING_IAM","I am in love with how I feel when I do what is right and good for others"
"1761","MORNING_IAM","I am in love with how I feel when I stay true to who I am"
"1762","MORNING_IAM","I am in love with how I feel when I speak my truth"
"1763","MORNING_IAM","I am in love with how I feel when I listen to that voice of the Divine within me"
"1764","MORNING_IAM","I am in love with how I feel when I feel"
"1765","MORNING_IAM","I am enlightened"
"1766","MORNING_IAM","I am an I am that is sometimes simple and sometimes complex"
"1767","MORNING_IAM","I am on purpose"
"1768","MORNING_IAM","I am my greatest purpose"
"1769","MORNING_IAM","I am the one I have been waiting for"
"1770","MORNING_IAM","I am my best friend"
"1771","MORNING_IAM","I am alive"
"1772","MORNING_IAM","I am life in human form"
"1773","MORNING_IAM","I am good company"
"1774","MORNING_IAM","I am in love with how I feel when I do service"
"1775","MORNING_IAM","I am in love all the time"
"1776","MORNING_IAM","I am in love with how I feel when I cook myself a nice dinner"
"1777","MORNING_IAM","I am in love with how I feel when I cook dinner for someone else"
"1778","MORNING_IAM","I am in love with how luxurious I feel in my skin right now"
"1779","MORNING_IAM","I am an expression of enlightened being"
"1780","MORNING_IAM","I am in love with my voice"
"1781","MORNING_IAM","I am a spontaneous burst of playful joy"
"1782","MORNING_IAM","I am in love with the child within me"
"1783","MORNING_IAM","I am in love with the parent in me"
"1784","MORNING_IAM","I am in love with the adult in me"
"1785","MORNING_IAM","I am in love with luxury"
"1786","MORNING_IAM","I am in love with beautiful things"
"1787","MORNING_IAM","I am the master of my destiny"
"1788","MORNING_IAM","I am the captain of my fate"
"1789","MORNING_IAM","I am in love with the Divine in me"
"1790","MORNING_IAM","I am a great expression of Divine Substance"
"1791","MORNING_IAM","I am choosing to focus on the good, the beautiful, and the true"
"1792","MORNING_IAM","I am in love with my heart"
"1793","MORNING_IAM","I am gratitude in action"
"1794","MORNING_IAM","I am love personified"
"1795","MORNING_IAM","I am the heart of my life"
"1796","MORNING_IAM","I am the heart of consciousness"
"1797","MORNING_IAM","I am somebody"
"1798","MORNING_IAM","I am somebody's child"
"1799","MORNING_IAM","I am somebody's friend"
"1800","MORNING_IAM","I am somebody's partner"
"1801","MORNING_IAM","I am somebody's lover"
"1802","MORNING_IAM","I am uniquely me"
"1803","MORNING_IAM","I am a rainbow of love"
"1804","MORNING_IAM","I am a rainbow of peace"
"1805","MORNING_IAM","I am a rainbow of joy"
"1806","MORNING_IAM","I am accomplishing all my goals"
"1807","MORNING_IAM","I am free will"
"1808","MORNING_IAM","I am infinite"
"1809","MORNING_IAM","I am smart"
"1810","MORNING_IAM","I am intelligent"
"1811","MORNING_IAM","I am inspired"
"1812","MORNING_IAM","I am inspiring"
"1813","MORNING_IAM","I am anchored in amazing possibilities"
"1814","MORNING_IAM","I am one with the Divine Intelligent Substance of the Universe"
"1815","MORNING_IAM","I am one with all living beings"
"1816","MORNING_IAM","I am the abundance I see around me"
"1817","MORNING_IAM","I am in love with the sound of my voice"
"1818","MORNING_IAM","I am so excited to be able to be"
"1819","MORNING_IAM","I am a source of good in the lives of others"
"1820","MORNING_IAM","I am proud"
"1821","MORNING_IAM","I am proud of my accomplishments"
"1822","MORNING_IAM","I am proud of the accomplishments of others"
"1823","MORNING_IAM","I am detached in a loving way"
"1824","MORNING_IAM","I am clever"
"1825","MORNING_IAM","I am ok right now as I am"
"1826","MORNING_IAM","I am letting go, with love, of what no longer works for me"
"1827","MORNING_IAM","I am in perfect health"
"1828","MORNING_IAM","I am committed to my highest good"
"1829","MORNING_IAM","I am a living celebration"
"1830","MORNING_IAM","I am a spirit radiating joy from the tips of my toes to the tips of the hairs on my head"
"1831","MORNING_IAM","I am receiving answers to my prayers right now"
"1832","MORNING_IAM","I am embracing and seeing the good in all things"
"1833","MORNING_IAM","I am optimistic"
"1834","MORNING_IAM","I am open to miracles"
"1835","MORNING_IAM","I am fully present to this version of now and all it has to offer"
"1836","MORNING_IAM","I am nourished and soul-fed by all the beauty around me"
"1837","MORNING_IAM","I am a magnet for joyful moments and people to share them with"
"1838","MORNING_IAM","I am sailing in the Divine flow of the mighty Universal river of fulfilled wishes"
"1839","MORNING_IAM","I am the answer to a prayer of love"
"1840","MORNING_IAM","I am a footprint in the sands of life"
"1841","MORNING_IAM","I am gratitude in action"
"1842","MORNING_IAM","I am cause, my life is effect"
"1843","MORNING_IAM","I am aware of the Divine in all I see"
"1844","MORNING_IAM","I am aware of the Divine in the air that I breathe"
"1845","MORNING_IAM","I am awake to this moment right now"
"1846","MORNING_IAM","I am awareness personified"
"1847","MORNING_IAM","I am the I Am presence as me"
"1848","MORNING_IAM","I am the answer to my mothers prayer"
"1849","MORNING_IAM","I am the purpose of my life"
"1850","MORNING_IAM","I am loved because I am"
"1851","MORNING_IAM","I am a seed that produces the most divine flowers that unfold into a most divine life"
"1852","MORNING_IAM","I am and have always been my father’s child"
"1","EVENING_ILOVE","I love how everything is always working out for me"
"2","EVENING_ILOVE","I love being loved every day in so many ways"
"3","EVENING_ILOVE","I love the gift of life I am blessed with"
"4","EVENING_ILOVE","I love feeling blessed"
"5","EVENING_ILOVE","I love how my love translates into joyful living"
"6","EVENING_ILOVE","I love being a fun and joyful being"
"7","EVENING_ILOVE","I love knowing I’m a loved child of the universe"
"8","EVENING_ILOVE","I love being a blessing to others"
"9","EVENING_ILOVE","I love living a prosperous life"
"10","EVENING_ILOVE","I love being rich now"
"11","EVENING_ILOVE","I love embodying health now"
"12","EVENING_ILOVE","I love being wealthy"
"13","EVENING_ILOVE","I love the ancestral wisdom flowing through me"
"14","EVENING_ILOVE","I love being open and friendly"
"15","EVENING_ILOVE","I love embodying compassion"
"16","EVENING_ILOVE","I love being open and receptive to my Divine Good"
"17","EVENING_ILOVE","I love the peace that surrounds and fills me"
"18","EVENING_ILOVE","I love feeling happy"
"19","EVENING_ILOVE","I love showing up with confidence"
"20","EVENING_ILOVE","I love being generous"
"21","EVENING_ILOVE","I love being a clean bundle of divine genetic material in motion"
"22","EVENING_ILOVE","I love being a burst of sunshine in others’ lives"
"23","EVENING_ILOVE","I love being a good parent"
"24","EVENING_ILOVE","I love being a good friend"
"25","EVENING_ILOVE","I love being a good neighbor"
"26","EVENING_ILOVE","I love feeling at home wherever I am"
"27","EVENING_ILOVE","I love being a positive contribution to the well-being of this planet"
"28","EVENING_ILOVE","I love supporting the well-being of my family"
"29","EVENING_ILOVE","I love contributing to the well-being of my community"
"30","EVENING_ILOVE","I love living as an abundant being"
"31","EVENING_ILOVE","I love my own beauty"
"32","EVENING_ILOVE","I love being warm and friendly"
"33","EVENING_ILOVE","I love my playful nature"
"34","EVENING_ILOVE","I love my creativity"
"35","EVENING_ILOVE","I love expressing myself artistically"
"36","EVENING_ILOVE","I love being thoughtful"
"37","EVENING_ILOVE","I love caring for others"
"38","EVENING_ILOVE","I love my kindness"
"39","EVENING_ILOVE","I love that I am that I am"
"40","EVENING_ILOVE","I love being humble"
"41","EVENING_ILOVE","I love feeling at home in quiet spaces"
"42","EVENING_ILOVE","I love being a joyful noise"
"43","EVENING_ILOVE","I love being well fed"
"44","EVENING_ILOVE","I love being clothed in the richness of Divine Substance"
"45","EVENING_ILOVE","I love being well cared for"
"46","EVENING_ILOVE","I love feeling safe"
"47","EVENING_ILOVE","I love being protected"
"48","EVENING_ILOVE","I love being a child of a generous creator"
"49","EVENING_ILOVE","I love becoming the change I have been waiting for"
"50","EVENING_ILOVE","I love being the love I have been looking for"
"51","EVENING_ILOVE","I love being an affirmation of life"
"52","EVENING_ILOVE","I love feeling powerful"
"53","EVENING_ILOVE","I love being the word made manifest"
"54","EVENING_ILOVE","I love knowing that I am that I am and that I am is amazing"
"55","EVENING_ILOVE","I love being in a fun-loving frame of mind"
"56","EVENING_ILOVE","I love being in love with You and the world"
"57","EVENING_ILOVE","I love being trustworthy"
"58","EVENING_ILOVE","I love always being on time"
"59","EVENING_ILOVE","I love being in the right place at the right time"
"60","EVENING_ILOVE","I love always being where I am supposed to be"
"61","EVENING_ILOVE","I love being creatively carefree and loving all that unfolds from this state of being"
"62","EVENING_ILOVE","I love living in a wonderful house"
"63","EVENING_ILOVE","I love living in a wonderful neighborhood"
"64","EVENING_ILOVE","I love being loving"
"65","EVENING_ILOVE","I love blessing others every day in every way through what I do and what I say"
"66","EVENING_ILOVE","I love always saying yes to my good"
"67","EVENING_ILOVE","I love being a force for good"
"68","EVENING_ILOVE","I love feeling full of youthful energy"
"69","EVENING_ILOVE","I love getting better and better every day in every way"
"70","EVENING_ILOVE","I love the air that I breathe"
"71","EVENING_ILOVE","I love the good food I eat"
"72","EVENING_ILOVE","I love the water I drink"
"73","EVENING_ILOVE","I love feeling calm"
"74","EVENING_ILOVE","I love being mindful"
"75","EVENING_ILOVE","I love being energetic"
"76","EVENING_ILOVE","I love being a money magnet"
"77","EVENING_ILOVE","I love being a love magnet"
"78","EVENING_ILOVE","I love being a joy magnet"
"79","EVENING_ILOVE","I love being a peace magnet"
"80","EVENING_ILOVE","I love being a sacred space"
"81","EVENING_ILOVE","I love being an experience of peace"
"82","EVENING_ILOVE","I love being an experience of joy"
"83","EVENING_ILOVE","I love being an experience of love"
"84","EVENING_ILOVE","I love intimacy"
"85","EVENING_ILOVE","I love being open and sharing"
"86","EVENING_ILOVE","I love being a channel of the Divine"
"87","EVENING_ILOVE","I love being funny"
"88","EVENING_ILOVE","I love having a sense of humor"
"89","EVENING_ILOVE","I love always meeting great and wonderful people"
"90","EVENING_ILOVE","I love always seeing the good in others"
"91","EVENING_ILOVE","I love being able to let go of what no longer serves me with love and respect"
"92","EVENING_ILOVE","I love being free"
"93","EVENING_ILOVE","I love being financially free"
"94","EVENING_ILOVE","I love being emotionally free of the past"
"95","EVENING_ILOVE","I love being the Divine Word in a form that fits in the world"
"96","EVENING_ILOVE","I love always sharing with joy and gratitude"
"97","EVENING_ILOVE","I love the feeling that comes with being of service"
"98","EVENING_ILOVE","I love and allow others to be of service to me"
"99","EVENING_ILOVE","I love being a healer"
"100","EVENING_ILOVE","I love being aware"
"101","EVENING_ILOVE","I love being aware of the power of good that flows through me"
"102","EVENING_ILOVE","I love being aware of the power of good that flows through others"
"103","EVENING_ILOVE","I love being aware of the Divine all around me"
"104","EVENING_ILOVE","I love always getting enough sleep"
"105","EVENING_ILOVE","I love being well rested"
"106","EVENING_ILOVE","I love feeling whole"
"107","EVENING_ILOVE","I love being complete"
"108","EVENING_ILOVE","I love being one with everything and everyone"
"109","EVENING_ILOVE","I love being open"
"110","EVENING_ILOVE","I love always having good positive experiences"
"111","EVENING_ILOVE","I love being positive"
"112","EVENING_ILOVE","I love choosing to be happy"
"113","EVENING_ILOVE","I love choosing to be wealthy"
"114","EVENING_ILOVE","I love choosing to be right here right now"
"115","EVENING_ILOVE","I love intentionally embracing my space in the here and the now"
"116","EVENING_ILOVE","I love being free of the past"
"117","EVENING_ILOVE","I love planting seeds of wealth now"
"118","EVENING_ILOVE","I love planting seeds of joy now"
"119","EVENING_ILOVE","I love planting seeds of prosperity now"
"120","EVENING_ILOVE","I love being a Divine seed"
"121","EVENING_ILOVE","I love living in the fruit of prosperity"
"122","EVENING_ILOVE","I love being a Divine receptacle"
"123","EVENING_ILOVE","I love being honest"
"124","EVENING_ILOVE","I love feeling worthy"
"125","EVENING_ILOVE","I love deserving all the good the universe has for me"
"126","EVENING_ILOVE","I love being a star"
"127","EVENING_ILOVE","I love being merciful"
"128","EVENING_ILOVE","I love being beneficent"
"129","EVENING_ILOVE","I love being on an amazing journey"
"130","EVENING_ILOVE","I love growing spiritually every day in every way"
"131","EVENING_ILOVE","I love being spirit"
"132","EVENING_ILOVE","I love being a good and worthy choice"
"133","EVENING_ILOVE","I love my quiet time"
"134","EVENING_ILOVE","I love the time I spend with friends and family"
"135","EVENING_ILOVE","I love diversity"
"136","EVENING_ILOVE","I love being a diverse spiritual being"
"137","EVENING_ILOVE","I love knowing I am enough"
"138","EVENING_ILOVE","I love knowing I am more than enough"
"139","EVENING_ILOVE","I love being the cup that runneth over"
"140","EVENING_ILOVE","I love money and all the good and fun things I can do with it"
"141","EVENING_ILOVE","I love the world"
"142","EVENING_ILOVE","I love justice"
"143","EVENING_ILOVE","I love truth"
"144","EVENING_ILOVE","I love being the hero of my story"
"145","EVENING_ILOVE","I love being the consciousness of my life"
"146","EVENING_ILOVE","I love being the center of my world"
"147","EVENING_ILOVE","I love being the center of the universe"
"148","EVENING_ILOVE","I love knowing I am made of the substance of the stars"
"149","EVENING_ILOVE","I love change and welcome it with joy"
"150","EVENING_ILOVE","I love plants and flowers and grass and summer breezes"
"151","EVENING_ILOVE","I love snow and cold crisp winter air"
"152","EVENING_ILOVE","I love the heat and bright sunshine of summer"
"153","EVENING_ILOVE","I love the universe"
"154","EVENING_ILOVE","I love the Divine as it is expressed in the world around me"
"155","EVENING_ILOVE","I love being perfect as I am"
"156","EVENING_ILOVE","I love my face"
"157","EVENING_ILOVE","I love my eyes"
"158","EVENING_ILOVE","I love my stomach"
"159","EVENING_ILOVE","I love my periods"
"160","EVENING_ILOVE","I love my toes"
"161","EVENING_ILOVE","I love every breath I take"
"162","EVENING_ILOVE","I love my fingers"
"163","EVENING_ILOVE","I love my hair"
"164","EVENING_ILOVE","I love my head"
"165","EVENING_ILOVE","I love my ears"
"166","EVENING_ILOVE","I love my teeth"
"167","EVENING_ILOVE","I love being forever"
"168","EVENING_ILOVE","I love being eternal"
"169","EVENING_ILOVE","I love being a Divine song"
"170","EVENING_ILOVE","I love being a Divine story of peace"
"171","EVENING_ILOVE","I love possibility"
"172","EVENING_ILOVE","I love choosing wisely"
"173","EVENING_ILOVE","I love being a miracle today"
"174","EVENING_ILOVE","I love always choosing the best for myself and others"
"175","EVENING_ILOVE","I love being a beautiful dance of consciousness"
"176","EVENING_ILOVE","I love being visible"
"177","EVENING_ILOVE","I love being responsible"
"178","EVENING_ILOVE","I love being a helping hand"
"179","EVENING_ILOVE","I love being a gift"
"180","EVENING_ILOVE","I love sharing my gifts with others"
"181","EVENING_ILOVE","I love receiving gifts from others"
"182","EVENING_ILOVE","I love imagining a world that works for everybody"
"183","EVENING_ILOVE","I love belief"
"184","EVENING_ILOVE","I love faith"
"185","EVENING_ILOVE","I love strength"
"186","EVENING_ILOVE","I love vulnerability"
"187","EVENING_ILOVE","I love all the time I have to do all the things I love"
"188","EVENING_ILOVE","I love being able to do all the things I love"
"189","EVENING_ILOVE","I love my life"
"190","EVENING_ILOVE","I love the food in my refrigerator"
"191","EVENING_ILOVE","I love the fire in my stove"
"192","EVENING_ILOVE","I love the ground I walk on"
"193","EVENING_ILOVE","I love making and experiencing art"
"194","EVENING_ILOVE","I love music"
"195","EVENING_ILOVE","I love the music of the world"
"196","EVENING_ILOVE","I love the fish in the sea"
"197","EVENING_ILOVE","I love the animals that walk this earth with me"
"198","EVENING_ILOVE","I love the birds in the air"
"199","EVENING_ILOVE","I love the thoughts I think"
"200","EVENING_ILOVE","I love letting go of the past"
"201","EVENING_ILOVE","I love letting go of all I thought I knew that no longer serves me"
"202","EVENING_ILOVE","I love being open to Divine knowledge"
"203","EVENING_ILOVE","I love being open to Divine understanding"
"204","EVENING_ILOVE","I love being the will of the Divine"
"205","EVENING_ILOVE","I love waking up happier and happier every day in every way"
"206","EVENING_ILOVE","I love being in a wealthy state of mind"
"207","EVENING_ILOVE","I love being in a grateful state of mind"
"208","EVENING_ILOVE","I love pleasure"
"209","EVENING_ILOVE","I love being in a peaceful state of mind"
"210","EVENING_ILOVE","I love being relaxed"
"211","EVENING_ILOVE","I love being a Divine story of love"
"212","EVENING_ILOVE","I love being a Divine story of prosperity"
"213","EVENING_ILOVE","I love being a pleasurable experience"
"214","EVENING_ILOVE","I love being the soul of my life"
"215","EVENING_ILOVE","I love being a prayer"
"216","EVENING_ILOVE","I love praying now"
"217","EVENING_ILOVE","I love being a voice for good"
"218","EVENING_ILOVE","I love being the voice of love in my life"
"219","EVENING_ILOVE","I love being the voice of peace in my life"
"220","EVENING_ILOVE","I love being the voice of possibility in my life"
"221","EVENING_ILOVE","I love being the voice of compassion in my life"
"222","EVENING_ILOVE","I love being the voice of reason in my life"
"223","EVENING_ILOVE","I love being the voice of joy in my life"
"224","EVENING_ILOVE","I love being a beautiful singer"
"225","EVENING_ILOVE","I love being the embodiment of praise"
"226","EVENING_ILOVE","I love praising now"
"227","EVENING_ILOVE","I love being the best me"
"228","EVENING_ILOVE","I love my alone time"
"229","EVENING_ILOVE","I love my meditation practice"
"230","EVENING_ILOVE","I love love"
"231","EVENING_ILOVE","I love joy"
"232","EVENING_ILOVE","I love positive vibrations"
"233","EVENING_ILOVE","I love being a positive vibration"
"234","EVENING_ILOVE","I love being respectful and full of respect"
"235","EVENING_ILOVE","I love being a good speaker"
"236","EVENING_ILOVE","I love my sexuality"
"237","EVENING_ILOVE","I love the sexuality of others"
"238","EVENING_ILOVE","I love all the ways the Divine expresses in the world"
"239","EVENING_ILOVE","I love the stars in a night sky"
"240","EVENING_ILOVE","I love the feel of the sun on my skin"
"241","EVENING_ILOVE","I love my skin"
"242","EVENING_ILOVE","I love my chest"
"243","EVENING_ILOVE","I love compliments"
"244","EVENING_ILOVE","I love complimenting others"
"245","EVENING_ILOVE","I love saying yes to money"
"246","EVENING_ILOVE","I love saying yes to new things"
"247","EVENING_ILOVE","I love attracting what is right for me"
"248","EVENING_ILOVE","I love attracting what is good for me"
"249","EVENING_ILOVE","I love attracting what is safe for me"
"250","EVENING_ILOVE","I love being a safe space"
"251","EVENING_ILOVE","I love being a peaceful space"
"252","EVENING_ILOVE","I love being a channel of Divine generosity"
"253","EVENING_ILOVE","I love being a channel of Divine I Am"
"254","EVENING_ILOVE","I love being a channel of Divine music"
"255","EVENING_ILOVE","I love being a channel of Divine creativity"
"256","EVENING_ILOVE","I love being a channel of Divine love"
"257","EVENING_ILOVE","I love being the light of my life"
"258","EVENING_ILOVE","I love being a child of a loving God"
"259","EVENING_ILOVE","I love bliss"
"260","EVENING_ILOVE","I love being enlightenment given form"
"261","EVENING_ILOVE","I love being a peaceful journey through time"
"262","EVENING_ILOVE","I love being big enough"
"263","EVENING_ILOVE","I love being strong enough"
"264","EVENING_ILOVE","I love being tough enough"
"265","EVENING_ILOVE","I love being better today than I was yesterday"
"266","EVENING_ILOVE","I love feeling at home wherever I am"
"267","EVENING_ILOVE","I love being comfortable"
"268","EVENING_ILOVE","I love being a comfortable experience"
"269","EVENING_ILOVE","I love being free of the need to be free"
"270","EVENING_ILOVE","I love being forgiven"
"271","EVENING_ILOVE","I love how I feel when I forgive"
"272","EVENING_ILOVE","I love how I feel when I share"
"273","EVENING_ILOVE","I love how I feel when I do what is right and good for me"
"274","EVENING_ILOVE","I love how I feel when I do what is right and good for others"
"275","EVENING_ILOVE","I love how I feel when I stay true to who I am"
"276","EVENING_ILOVE","I love how I feel when I speak my truth"
"277","EVENING_ILOVE","I love how I feel when I listen to the voice of the Divine within me"
"278","EVENING_ILOVE","I love how I feel when I feel"
"279","EVENING_ILOVE","I love being enlightened"
"280","EVENING_ILOVE","I love being sometimes simple and sometimes complex"
"281","EVENING_ILOVE","I love being on purpose"
"282","EVENING_ILOVE","I love being my greatest purpose"
"283","EVENING_ILOVE","I love being the one I have been waiting for"
"284","EVENING_ILOVE","I love being my best friend"
"285","EVENING_ILOVE","I love being alive"
"286","EVENING_ILOVE","I love life in all its forms"
"287","EVENING_ILOVE","I love being good company"
"288","EVENING_ILOVE","I love how I feel when I say no"
"289","EVENING_ILOVE","I love being in love all the time"
"290","EVENING_ILOVE","I love how I feel when I cook myself a nice dinner"
"291","EVENING_ILOVE","I love how I feel when I cook dinner for someone else"
"292","EVENING_ILOVE","I love how prosperous I feel in my skin right now"
"293","EVENING_ILOVE","I love being an expression of enlightenment"
"294","EVENING_ILOVE","I love my voice"
"295","EVENING_ILOVE","I love being a spontaneous burst of playful joy"
"296","EVENING_ILOVE","I love the child within me"
"297","EVENING_ILOVE","I love the parent in me"
"298","EVENING_ILOVE","I love the adult in me"
"299","EVENING_ILOVE","I love luxury"
"300","EVENING_ILOVE","I love beautiful things"
"301","EVENING_ILOVE","I love being the master of my destiny"
"302","EVENING_ILOVE","I love being the captain of my fate"
"303","EVENING_ILOVE","I love the Divine in me"
"304","EVENING_ILOVE","I love being an expression of Divine Substance in big and small ways"
"305","EVENING_ILOVE","I love focusing on the good, the beautiful, and the true"
"306","EVENING_ILOVE","I love my heart"
"307","EVENING_ILOVE","I love putting gratitude into action"
"308","EVENING_ILOVE","I love being love personified"
"309","EVENING_ILOVE","I love being the heart of my life"
"310","EVENING_ILOVE","I love being the heart of consciousness"
"311","EVENING_ILOVE","I love being somebody"
"312","EVENING_ILOVE","I love being somebody’s child"
"313","EVENING_ILOVE","I love being somebody’s friend"
"314","EVENING_ILOVE","I love being somebody’s partner"
"315","EVENING_ILOVE","I love being somebody’s lover"
"316","EVENING_ILOVE","I love being uniquely me"
"317","EVENING_ILOVE","I love being a rainbow of love"
"318","EVENING_ILOVE","I love being a rainbow of peace"
"319","EVENING_ILOVE","I love being a rainbow of joy"
"320","EVENING_ILOVE","I love accomplishing my goals"
"321","EVENING_ILOVE","I love free will"
"322","EVENING_ILOVE","I love being infinite"
"323","EVENING_ILOVE","I love being smart"
"324","EVENING_ILOVE","I love being intelligent"
"325","EVENING_ILOVE","I love being inspired"
"326","EVENING_ILOVE","I love being inspiring"
"327","EVENING_ILOVE","I love being anchored in amazing possibilities"
"328","EVENING_ILOVE","I love being one with the Divine Intelligent Substance of the Universe"
"329","EVENING_ILOVE","I love being one with all living beings"
"330","EVENING_ILOVE","I love being the abundance I see around me"
"331","EVENING_ILOVE","I love the sound of my voice"
"332","EVENING_ILOVE","I love being so excited to be able to be"
"333","EVENING_ILOVE","I love being a source of good in the lives of others"
"334","EVENING_ILOVE","I love being proud"
"335","EVENING_ILOVE","I love being proud of my accomplishments"
"336","EVENING_ILOVE","I love being proud of the accomplishments of others"
"337","EVENING_ILOVE","I love being detached in a loving way"
"338","EVENING_ILOVE","I love being clever"
"339","EVENING_ILOVE","I love being ok right now as I am"
"340","EVENING_ILOVE","I love letting go, with love, of what no longer works for me"
"341","EVENING_ILOVE","I love being in perfect health"
"342","EVENING_ILOVE","I love being committed to my highest good"
"343","EVENING_ILOVE","I love being a living celebration"
"344","EVENING_ILOVE","I love being a spirit radiating joy from the tips of my toes to the tips of the hair on my head"
"345","EVENING_ILOVE","I love receiving answers to my prayers right now"
"346","EVENING_ILOVE","I love embracing and seeing the good in all things"
"347","EVENING_ILOVE","I love being optimistic"
"348","EVENING_ILOVE","I love being open to miracles"
"349","EVENING_ILOVE","I love being fully present to this version of now and all it has to offer"
"350","EVENING_ILOVE","I love being nourished and soul-fed by all the beauty around me"
"351","EVENING_ILOVE","I love being a magnet for joyful moments"
"352","EVENING_ILOVE","I love sailing in the Divine flow of the mighty Universal river of fulfilled wishes"
"353","EVENING_ILOVE","I love being the answer to a prayer of love"
"354","EVENING_ILOVE","I love living a rich and luxurious life"
"355","EVENING_ILOVE","I love being gratitude in action"
"356","EVENING_ILOVE","I love being cause and knowing my life is effect"
"357","EVENING_ILOVE","I love being aware of the Divine in all I see"
"358","EVENING_ILOVE","I love being aware of the Divine in the air that I breathe"
"359","EVENING_ILOVE","I love being aware in this moment right now"
"360","EVENING_ILOVE","I love being awareness personified"
"361","EVENING_ILOVE","I love being the I Am presence as me"
"362","EVENING_ILOVE","I love being the answer to someone's prayer"
"363","EVENING_ILOVE","I love being the purpose of my life"
"364","EVENING_ILOVE","I love being loved because I am"
"365","EVENING_ILOVE","I love being a seed that produces a most divine flower that unfolds as a most divine life"
"366","EVENING_ILOVE","I love how everything is always working out for me"
"367","EVENING_ILOVE","I love being loved every day in so many ways"
"368","EVENING_ILOVE","I love the gift of life I am blessed with"
"369","EVENING_ILOVE","I love feeling blessed"
"370","EVENING_ILOVE","I love how my love translates into joyful living"
"371","EVENING_ILOVE","I love being a fun and joyful being"
"372","EVENING_ILOVE","I love knowing I’m a loved child of the universe"
"373","EVENING_ILOVE","I love being a blessing to others"
"374","EVENING_ILOVE","I love living a prosperous life"
"375","EVENING_ILOVE","I love being rich now"
"376","EVENING_ILOVE","I love embodying health now"
"377","EVENING_ILOVE","I love being wealthy"
"378","EVENING_ILOVE","I love the ancestral wisdom flowing through me"
"379","EVENING_ILOVE","I love being open and friendly"
"380","EVENING_ILOVE","I love embodying compassion"
"381","EVENING_ILOVE","I love being open and receptive to my Divine Good"
"382","EVENING_ILOVE","I love the peace that surrounds and fills me"
"383","EVENING_ILOVE","I love feeling happy"
"384","EVENING_ILOVE","I love showing up with confidence"
"385","EVENING_ILOVE","I love being generous"
"386","EVENING_ILOVE","I love being a clean bundle of divine genetic material in motion"
"387","EVENING_ILOVE","I love being a burst of sunshine in others’ lives"
"388","EVENING_ILOVE","I love being a good parent"
"389","EVENING_ILOVE","I love being a good friend"
"390","EVENING_ILOVE","I love being a good neighbor"
"391","EVENING_ILOVE","I love feeling at home wherever I am"
"392","EVENING_ILOVE","I love being a positive contribution to the well-being of this planet"
"393","EVENING_ILOVE","I love supporting the well-being of my family"
"394","EVENING_ILOVE","I love contributing to the well-being of my community"
"395","EVENING_ILOVE","I love living as an abundant being"
"396","EVENING_ILOVE","I love my own beauty"
"397","EVENING_ILOVE","I love being warm and friendly"
"398","EVENING_ILOVE","I love my playful nature"
"399","EVENING_ILOVE","I love my creativity"
"400","EVENING_ILOVE","I love expressing myself artistically"
"401","EVENING_ILOVE","I love being thoughtful"
"402","EVENING_ILOVE","I love caring for others"
"403","EVENING_ILOVE","I love my kindness"
"404","EVENING_ILOVE","I love that I am that I am"
"405","EVENING_ILOVE","I love being humble"
"406","EVENING_ILOVE","I love feeling at home in quiet spaces"
"407","EVENING_ILOVE","I love being a joyful noise"
"408","EVENING_ILOVE","I love being well fed"
"409","EVENING_ILOVE","I love being clothed in the richness of Divine Substance"
"410","EVENING_ILOVE","I love being well cared for"
"411","EVENING_ILOVE","I love feeling safe"
"412","EVENING_ILOVE","I love being protected"
"413","EVENING_ILOVE","I love being a child of a generous creator"
"414","EVENING_ILOVE","I love becoming the change I have been waiting for"
"415","EVENING_ILOVE","I love being the love I have been looking for"
"416","EVENING_ILOVE","I love being an affirmation of life"
"417","EVENING_ILOVE","I love feeling powerful"
"418","EVENING_ILOVE","I love being the word made manifest"
"419","EVENING_ILOVE","I love knowing that I am that I am and that I am is amazing"
"420","EVENING_ILOVE","I love being in a fun-loving frame of mind"
"421","EVENING_ILOVE","I love being in love with You and the world"
"422","EVENING_ILOVE","I love being trustworthy"
"423","EVENING_ILOVE","I love always being on time"
"424","EVENING_ILOVE","I love being in the right place at the right time"
"425","EVENING_ILOVE","I love always being where I am supposed to be"
"426","EVENING_ILOVE","I love being creatively carefree and loving all that unfolds from this state of being"
"427","EVENING_ILOVE","I love living in a wonderful house"
"428","EVENING_ILOVE","I love living in a wonderful neighborhood"
"429","EVENING_ILOVE","I love being loving"
"430","EVENING_ILOVE","I love blessing others every day in every way through what I do and what I say"
"431","EVENING_ILOVE","I love always saying yes to my good"
"432","EVENING_ILOVE","I love being a force for good"
"433","EVENING_ILOVE","I love feeling full of youthful energy"
"434","EVENING_ILOVE","I love getting better and better every day in every way"
"435","EVENING_ILOVE","I love the air that I breathe"
"436","EVENING_ILOVE","I love the good food I eat"
"437","EVENING_ILOVE","I love the water I drink"
"438","EVENING_ILOVE","I love feeling calm"
"439","EVENING_ILOVE","I love being mindful"
"440","EVENING_ILOVE","I love being energetic"
"441","EVENING_ILOVE","I love being a money magnet"
"442","EVENING_ILOVE","I love being a love magnet"
"443","EVENING_ILOVE","I love being a joy magnet"
"444","EVENING_ILOVE","I love being a peace magnet"
"445","EVENING_ILOVE","I love being a sacred space"
"446","EVENING_ILOVE","I love being an experience of peace"
"447","EVENING_ILOVE","I love being an experience of joy"
"448","EVENING_ILOVE","I love being an experience of love"
"449","EVENING_ILOVE","I love intimacy"
"450","EVENING_ILOVE","I love being open and sharing"
"451","EVENING_ILOVE","I love being a channel of the Divine"
"452","EVENING_ILOVE","I love being funny"
"453","EVENING_ILOVE","I love having a sense of humor"
"454","EVENING_ILOVE","I love always meeting great and wonderful people"
"455","EVENING_ILOVE","I love always seeing the good in others"
"456","EVENING_ILOVE","I love being able to let go of what no longer serves me with love and respect"
"457","EVENING_ILOVE","I love being free"
"458","EVENING_ILOVE","I love being financially free"
"459","EVENING_ILOVE","I love being emotionally free of the past"
"460","EVENING_ILOVE","I love being the Divine Word in a form that fits in the world"
"461","EVENING_ILOVE","I love always sharing with joy and gratitude"
"462","EVENING_ILOVE","I love the feeling that comes with being of service"
"463","EVENING_ILOVE","I love and allow others to be of service to me"
"464","EVENING_ILOVE","I love being a healer"
"465","EVENING_ILOVE","I love being aware"
"466","EVENING_ILOVE","I love being aware of the power of good that flows through me"
"467","EVENING_ILOVE","I love being aware of the power of good that flows through others"
"468","EVENING_ILOVE","I love being aware of the Divine all around me"
"469","EVENING_ILOVE","I love always getting enough sleep"
"470","EVENING_ILOVE","I love being well rested"
"471","EVENING_ILOVE","I love feeling whole"
"472","EVENING_ILOVE","I love being complete"
"473","EVENING_ILOVE","I love being one with everything and everyone"
"474","EVENING_ILOVE","I love being open"
"475","EVENING_ILOVE","I love always having good positive experiences"
"476","EVENING_ILOVE","I love being positive"
"477","EVENING_ILOVE","I love choosing to be happy"
"478","EVENING_ILOVE","I love choosing to be wealthy"
"479","EVENING_ILOVE","I love choosing to be right here right now"
"480","EVENING_ILOVE","I love intentionally embracing my space in the here and the now"
"481","EVENING_ILOVE","I love being free of the past"
"482","EVENING_ILOVE","I love planting seeds of wealth now"
"483","EVENING_ILOVE","I love planting seeds of joy now"
"484","EVENING_ILOVE","I love planting seeds of prosperity now"
"485","EVENING_ILOVE","I love being a Divine seed"
"486","EVENING_ILOVE","I love living in the fruit of prosperity"
"487","EVENING_ILOVE","I love being a Divine receptacle"
"488","EVENING_ILOVE","I love being honest"
"489","EVENING_ILOVE","I love feeling worthy"
"490","EVENING_ILOVE","I love deserving all the good the universe has for me"
"491","EVENING_ILOVE","I love being a star"
"492","EVENING_ILOVE","I love being merciful"
"493","EVENING_ILOVE","I love being beneficent"
"494","EVENING_ILOVE","I love being on an amazing journey"
"495","EVENING_ILOVE","I love growing spiritually every day in every way"
"496","EVENING_ILOVE","I love being spirit"
"497","EVENING_ILOVE","I love being a good and worthy choice"
"498","EVENING_ILOVE","I love my quiet time"
"499","EVENING_ILOVE","I love the time I spend with friends and family"
"500","EVENING_ILOVE","I love diversity"
"501","EVENING_ILOVE","I love being a diverse spiritual being"
"502","EVENING_ILOVE","I love knowing I am enough"
"503","EVENING_ILOVE","I love knowing I am more than enough"
"504","EVENING_ILOVE","I love being the cup that runneth over"
"505","EVENING_ILOVE","I love money and all the good and fun things I can do with it"
"506","EVENING_ILOVE","I love the world"
"507","EVENING_ILOVE","I love justice"
"508","EVENING_ILOVE","I love truth"
"509","EVENING_ILOVE","I love being the hero of my story"
"510","EVENING_ILOVE","I love being the consciousness of my life"
"511","EVENING_ILOVE","I love being the center of my world"
"512","EVENING_ILOVE","I love being the center of the universe"
"513","EVENING_ILOVE","I love knowing I am made of the substance of the stars"
"514","EVENING_ILOVE","I love change and welcome it with joy"
"515","EVENING_ILOVE","I love plants and flowers and grass and summer breezes"
"516","EVENING_ILOVE","I love snow and cold crisp winter air"
"517","EVENING_ILOVE","I love the heat and bright sunshine of summer"
"518","EVENING_ILOVE","I love the universe"
"519","EVENING_ILOVE","I love the Divine as it is expressed in the world around me"
"520","EVENING_ILOVE","I love being perfect as I am"
"521","EVENING_ILOVE","I love my face"
"522","EVENING_ILOVE","I love my eyes"
"523","EVENING_ILOVE","I love my stomach"
"524","EVENING_ILOVE","I love my periods"
"525","EVENING_ILOVE","I love my toes"
"526","EVENING_ILOVE","I love every breath I take"
"527","EVENING_ILOVE","I love my fingers"
"528","EVENING_ILOVE","I love my hair"
"529","EVENING_ILOVE","I love my head"
"530","EVENING_ILOVE","I love my ears"
"531","EVENING_ILOVE","I love my teeth"
"532","EVENING_ILOVE","I love being forever"
"533","EVENING_ILOVE","I love being eternal"
"534","EVENING_ILOVE","I love being a Divine song"
"535","EVENING_ILOVE","I love being a Divine story of peace"
"536","EVENING_ILOVE","I love possibility"
"537","EVENING_ILOVE","I love choosing wisely"
"538","EVENING_ILOVE","I love being a miracle today"
"539","EVENING_ILOVE","I love always choosing the best for myself and others"
"540","EVENING_ILOVE","I love being a beautiful dance of consciousness"
"541","EVENING_ILOVE","I love being visible"
"542","EVENING_ILOVE","I love being responsible"
"543","EVENING_ILOVE","I love being a helping hand"
"544","EVENING_ILOVE","I love being a gift"
"545","EVENING_ILOVE","I love sharing my gifts with others"
"546","EVENING_ILOVE","I love receiving gifts from others"
"547","EVENING_ILOVE","I love imagining a world that works for everybody"
"548","EVENING_ILOVE","I love belief"
"549","EVENING_ILOVE","I love faith"
"550","EVENING_ILOVE","I love strength"
"551","EVENING_ILOVE","I love vulnerability"
"552","EVENING_ILOVE","I love all the time I have to do all the things I love"
"553","EVENING_ILOVE","I love being able to do all the things I love"
"554","EVENING_ILOVE","I love my life"
"555","EVENING_ILOVE","I love the food in my refrigerator"
"556","EVENING_ILOVE","I love the fire in my stove"
"557","EVENING_ILOVE","I love the ground I walk on"
"558","EVENING_ILOVE","I love making and experiencing art"
"559","EVENING_ILOVE","I love music"
"560","EVENING_ILOVE","I love the music of the world"
"561","EVENING_ILOVE","I love the fish in the sea"
"562","EVENING_ILOVE","I love the animals that walk this earth with me"
"563","EVENING_ILOVE","I love the birds in the air"
"564","EVENING_ILOVE","I love the thoughts I think"
"565","EVENING_ILOVE","I love letting go of the past"
"566","EVENING_ILOVE","I love letting go of all I thought I knew that no longer serves me"
"567","EVENING_ILOVE","I love being open to Divine knowledge"
"568","EVENING_ILOVE","I love being open to Divine understanding"
"569","EVENING_ILOVE","I love being the will of the Divine"
"570","EVENING_ILOVE","I love waking up happier and happier every day in every way"
"571","EVENING_ILOVE","I love being in a wealthy state of mind"
"572","EVENING_ILOVE","I love being in a grateful state of mind"
"573","EVENING_ILOVE","I love pleasure"
"574","EVENING_ILOVE","I love being in a peaceful state of mind"
"575","EVENING_ILOVE","I love being relaxed"
"576","EVENING_ILOVE","I love being a Divine story of love"
"577","EVENING_ILOVE","I love being a Divine story of prosperity"
"578","EVENING_ILOVE","I love being a pleasurable experience"
"579","EVENING_ILOVE","I love being the soul of my life"
"580","EVENING_ILOVE","I love being a prayer"
"581","EVENING_ILOVE","I love praying now"
"582","EVENING_ILOVE","I love being a voice for good"
"583","EVENING_ILOVE","I love being the voice of love in my life"
"584","EVENING_ILOVE","I love being the voice of peace in my life"
"585","EVENING_ILOVE","I love being the voice of possibility in my life"
"586","EVENING_ILOVE","I love being the voice of compassion in my life"
"587","EVENING_ILOVE","I love being the voice of reason in my life"
"588","EVENING_ILOVE","I love being the voice of joy in my life"
"589","EVENING_ILOVE","I love being a beautiful singer"
"590","EVENING_ILOVE","I love being the embodiment of praise"
"591","EVENING_ILOVE","I love praising now"
"592","EVENING_ILOVE","I love being the best me"
"593","EVENING_ILOVE","I love my alone time"
"594","EVENING_ILOVE","I love my meditation practice"
"595","EVENING_ILOVE","I love love"
"596","EVENING_ILOVE","I love joy"
"597","EVENING_ILOVE","I love positive vibrations"
"598","EVENING_ILOVE","I love being a positive vibration"
"599","EVENING_ILOVE","I love being respectful and full of respect"
"600","EVENING_ILOVE","I love being a good speaker"
"601","EVENING_ILOVE","I love my sexuality"
"602","EVENING_ILOVE","I love the sexuality of others"
"603","EVENING_ILOVE","I love all the ways the Divine expresses in the world"
"604","EVENING_ILOVE","I love the stars in a night sky"
"605","EVENING_ILOVE","I love the feel of the sun on my skin"
"606","EVENING_ILOVE","I love my skin"
"607","EVENING_ILOVE","I love my chest"
"608","EVENING_ILOVE","I love compliments"
"609","EVENING_ILOVE","I love complimenting others"
"610","EVENING_ILOVE","I love saying yes to money"
"611","EVENING_ILOVE","I love saying yes to new things"
"612","EVENING_ILOVE","I love attracting what is right for me"
"613","EVENING_ILOVE","I love attracting what is good for me"
"614","EVENING_ILOVE","I love attracting what is safe for me"
"615","EVENING_ILOVE","I love being a safe space"
"616","EVENING_ILOVE","I love being a peaceful space"
"617","EVENING_ILOVE","I love being a channel of Divine generosity"
"618","EVENING_ILOVE","I love being a channel of Divine I Am"
"619","EVENING_ILOVE","I love being a channel of Divine music"
"620","EVENING_ILOVE","I love being a channel of Divine creativity"
"621","EVENING_ILOVE","I love being a channel of Divine love"
"622","EVENING_ILOVE","I love being the light of my life"
"623","EVENING_ILOVE","I love being a child of a loving God"
"624","EVENING_ILOVE","I love bliss"
"625","EVENING_ILOVE","I love being enlightenment given form"
"626","EVENING_ILOVE","I love being a peaceful journey through time"
"627","EVENING_ILOVE","I love being big enough"
"628","EVENING_ILOVE","I love being strong enough"
"629","EVENING_ILOVE","I love being tough enough"
"630","EVENING_ILOVE","I love being better today than I was yesterday"
"631","EVENING_ILOVE","I love feeling at home wherever I am"
"632","EVENING_ILOVE","I love being comfortable"
"633","EVENING_ILOVE","I love being a comfortable experience"
"634","EVENING_ILOVE","I love being free of the need to be free"
"635","EVENING_ILOVE","I love being forgiven"
"636","EVENING_ILOVE","I love how I feel when I forgive"
"637","EVENING_ILOVE","I love how I feel when I share"
"638","EVENING_ILOVE","I love how I feel when I do what is right and good for me"
"639","EVENING_ILOVE","I love how I feel when I do what is right and good for others"
"640","EVENING_ILOVE","I love how I feel when I stay true to who I am"
"641","EVENING_ILOVE","I love how I feel when I speak my truth"
"642","EVENING_ILOVE","I love how I feel when I listen to the voice of the Divine within me"
"643","EVENING_ILOVE","I love how I feel when I feel"
"644","EVENING_ILOVE","I love being enlightened"
"645","EVENING_ILOVE","I love being sometimes simple and sometimes complex"
"646","EVENING_ILOVE","I love being on purpose"
"647","EVENING_ILOVE","I love being my greatest purpose"
"648","EVENING_ILOVE","I love being the one I have been waiting for"
"649","EVENING_ILOVE","I love being my best friend"
"650","EVENING_ILOVE","I love being alive"
"651","EVENING_ILOVE","I love life in all its forms"
"652","EVENING_ILOVE","I love being good company"
"653","EVENING_ILOVE","I love how I feel when I say no"
"654","EVENING_ILOVE","I love being in love all the time"
"655","EVENING_ILOVE","I love how I feel when I cook myself a nice dinner"
"656","EVENING_ILOVE","I love how I feel when I cook dinner for someone else"
"657","EVENING_ILOVE","I love how prosperous I feel in my skin right now"
"658","EVENING_ILOVE","I love being an expression of enlightenment"
"659","EVENING_ILOVE","I love my voice"
"660","EVENING_ILOVE","I love being a spontaneous burst of playful joy"
"661","EVENING_ILOVE","I love the child within me"
"662","EVENING_ILOVE","I love the parent in me"
"663","EVENING_ILOVE","I love the adult in me"
"664","EVENING_ILOVE","I love luxury"
"665","EVENING_ILOVE","I love beautiful things"
"666","EVENING_ILOVE","I love being the master of my destiny"
"667","EVENING_ILOVE","I love being the captain of my fate"
"668","EVENING_ILOVE","I love the Divine in me"
"669","EVENING_ILOVE","I love being an expression of Divine Substance in big and small ways"
"670","EVENING_ILOVE","I love focusing on the good, the beautiful, and the true"
"671","EVENING_ILOVE","I love my heart"
"672","EVENING_ILOVE","I love putting gratitude into action"
"673","EVENING_ILOVE","I love being love personified"
"674","EVENING_ILOVE","I love being the heart of my life"
"675","EVENING_ILOVE","I love being the heart of consciousness"
"676","EVENING_ILOVE","I love being somebody"
"677","EVENING_ILOVE","I love being somebody’s child"
"678","EVENING_ILOVE","I love being somebody’s friend"
"679","EVENING_ILOVE","I love being somebody’s partner"
"680","EVENING_ILOVE","I love being somebody’s lover"
"681","EVENING_ILOVE","I love being uniquely me"
"682","EVENING_ILOVE","I love being a rainbow of love"
"683","EVENING_ILOVE","I love being a rainbow of peace"
"684","EVENING_ILOVE","I love being a rainbow of joy"
"685","EVENING_ILOVE","I love accomplishing my goals"
"686","EVENING_ILOVE","I love free will"
"687","EVENING_ILOVE","I love being infinite"
"688","EVENING_ILOVE","I love being smart"
"689","EVENING_ILOVE","I love being intelligent"
"690","EVENING_ILOVE","I love being inspired"
"691","EVENING_ILOVE","I love being inspiring"
"692","EVENING_ILOVE","I love being anchored in amazing possibilities"
"693","EVENING_ILOVE","I love being one with the Divine Intelligent Substance of the Universe"
"694","EVENING_ILOVE","I love being one with all living beings"
"695","EVENING_ILOVE","I love being the abundance I see around me"
"696","EVENING_ILOVE","I love the sound of my voice"
"697","EVENING_ILOVE","I love being so excited to be able to be"
"698","EVENING_ILOVE","I love being a source of good in the lives of others"
"699","EVENING_ILOVE","I love being proud"
"700","EVENING_ILOVE","I love being proud of my accomplishments"
"701","EVENING_ILOVE","I love being proud of the accomplishments of others"
"702","EVENING_ILOVE","I love being detached in a loving way"
"703","EVENING_ILOVE","I love being clever"
"704","EVENING_ILOVE","I love being ok right now as I am"
"705","EVENING_ILOVE","I love letting go, with love, of what no longer works for me"
"706","EVENING_ILOVE","I love being in perfect health"
"707","EVENING_ILOVE","I love being committed to my highest good"
"708","EVENING_ILOVE","I love being a living celebration"
"709","EVENING_ILOVE","I love being a spirit radiating joy from the tips of my toes to the tips of the hair on my head"
"710","EVENING_ILOVE","I love receiving answers to my prayers right now"
"711","EVENING_ILOVE","I love embracing and seeing the good in all things"
"712","EVENING_ILOVE","I love being optimistic"
"713","EVENING_ILOVE","I love being open to miracles"
"714","EVENING_ILOVE","I love being fully present to this version of now and all it has to offer"
"715","EVENING_ILOVE","I love being nourished and soul-fed by all the beauty around me"
"716","EVENING_ILOVE","I love being a magnet for joyful moments"
"717","EVENING_ILOVE","I love sailing in the Divine flow of the mighty Universal river of fulfilled wishes"
"718","EVENING_ILOVE","I love being the answer to a prayer of love"
"719","EVENING_ILOVE","I love living a rich and luxurious life"
"720","EVENING_ILOVE","I love being gratitude in action"
"721","EVENING_ILOVE","I love being cause and knowing my life is effect"
"722","EVENING_ILOVE","I love being aware of the Divine in all I see"
"723","EVENING_ILOVE","I love being aware of the Divine in the air that I breathe"
"724","EVENING_ILOVE","I love being aware in this moment right now"
"725","EVENING_ILOVE","I love being awareness personified"
"726","EVENING_ILOVE","I love being the I Am presence as me"
"727","EVENING_ILOVE","I love being the answer to someone's prayer"
"728","EVENING_ILOVE","I love being the purpose of my life"
"729","EVENING_ILOVE","I love being loved because I am"
"730","EVENING_ILOVE","I love being a seed that produces a most divine flower that unfolds as a most divine life"
